,de,,,,en,fa
Artikel,Deutsch,Plural Suffix,Plural,Type,English,فارسی
,,,,,,
das,Reisebüro,s,Reisebüros,,travel agency,آژانس مسافرتی
der,Tourismus,-,-,,tourism,گردشگری
der,Pass,Pässe,Pässe,,passport,گذرنامه
der,Reisepass,Reisepässe,Reisepässe,,passport,گذرنامه
der,PersonalAusweis,e,PersonalAusweise,,personal id card,كارت شناسایی
das,Visum,Visa,Visa,,visa,روادید
der,Ausländer,Ausländer,Ausländer,,foreigner,بیگانه
die,Ausländerin,nen,Ausländerinnen,,foreigner,بیگانه
die,Reise,n,Reisen,,trip,سفر
die,Abreise,n,Abreisen,,departure,عزیمت
die,Anreise,n,Anreisen,,arrival,ورود
die,Einreise,n,Einreisen,,entry,ورود به کشور
,einreisen,,,v,enter,وارد شدن به کشور
der,Aufenthalt,e,Aufenthalte,,stay,اقامت
,aufhalten,,,v,stop,متوقف کردن
die,Verbindung,en,Verbindungen,,connection,اتصال
,abfahren,,,v,depart,عزیمت
die,Abfahrt,en,Abfahrten,,departure,عزیمت
,ankommen,,,v,arrive,رسیدن
die,Ankunft,Ankünfte,Ankünfte,,arrival,ورود
,abfliegen,,,v,depart,عزیمت
der,Abflug,Abflüge,Abflüge,,departure,عزیمت
,landen,,,v,land,فرود آمدن
die,Buchung,en,Buchungen,,booking,نگه داشتن
,stornieren,,,v,cancel,پس گرفتن
der,Tarif,e,Tarife,,tarif,نرخ
der,Passagier,e,Passagiere,,passenger,مسافر
die,Fluggesellschaft,en,Fluggesellschaften,,airline,شرکت هواپیمایی
der,Flughafen,Flughäfen,Flughäfen,,airport,فرودگاه
der,Flugsteig,e,Flugsteige,,airport gate,گیت فرودگاه
der,Zug,Züge,Züge,,train,قطار
das,Gleis,e,Gleise,,track,خط آهن
die,Reihe,n,Reihen,,row,ردیف
die,Sitzreihe,n,Sitzreihen,,seat row,ردیف صندلی
das,Gepäck,-,-,,baggage,چمدان
der,Gepäckschein,e,Gepäckscheine,,baggage claim,ادعای چمدان
das,Gepäckstück,e,Gepäckstücke,,piece of luggage,تکه ای از چمدان
der,Koffer,Koffer,Koffer,,suitcase,چمدان
die,Reisetasche,n,Reisetaschen,,travel bag,کیف مسافرتی
der,Rucksack,Rucksäcke,Rucksäcke,,backpack,کوله پشتی
der,Trolley,s,Trolleys,,trolley,چرخ دستی
das,Regierungssystem,e,Regierungssysteme,,government system,سیستم دولتی
der,Staat,en,Staaten,,country,کشور
das,Staatsoberhaupt,Staatsoberhäupter,Staatsoberhäupter,,head of state,رئیس دولت
das,Bundesland,Bundesländer,Bundesländer,,federal state,ایالت فدرال
der,Kanton,e,Kantone,,canton,ایالت (مورد استفاده در سوئیس)
die,Gemeinde,n,Gemeinden,,municipality,شهرداری
die,Republik,en,Republiken,,republic,جمهوری
die,Monarchie,n,Monarchien,,monarchy,پادشاهی
die,Konstitutionelle Monarchie,,,,constitutional monarchy,پادشاهی مشروطه
das,Fürstentum,Fürstentümer,Fürstentümer,,principality,شاهزاده‌نشین
der,Fürst,en,Fürsten,,prince,شاهزاده
die,Residenz,en,Residenzen,,residence,محل اقامت
der/die,Abgeordnete,n,Abgeordneten,,members of parliament,نماینده مجلس
,demokratisch,,,adj,democratically,مردم سالارانه
die,Bevölkerung,en,Bevölkerungen,,population,جمعیت
der,Einwohner,Einwohner,Einwohner,,resident,ساکن
die,Einwohnerin,nen,Einwohnerinnen,,resident,ساکن
die,Amtssprache,n,Amtssprachen,,official language,زبان رسمی
die,Geografie,n,Geografien,,geography,جغرافیا
das,Mittel,Mittel,Mittel,,means,وسیله
der,Fluss,Flüsse,Flüsse,,river,رودخانه
das,Tal,Täle,Täle,,valley,دره
,geografisch,,,adj,geographical,جغرافیایی
,grenzen,,,v,border on,مرز داشتن
,sonstig,,,adj,other,دیگر
der,Ärger,-,-,,trouble,درد سر
die,Aktivität,en,Aktivitäten,,activity,فعالیت
das,Aluminium,-,-,,aluminum,آلومینیوم
der,Angehörige,n,Angehörigen,,relative,خویشاوند
die,Ansicht,en,Ansichten,,opinion,نظر
die,Auskunft,Auskünfte,Auskünfte,,information,اطلاعات
die,BIC,s,BICs,,BIC,بیک
die,IBAN,s,IBANs,,IBAN,آیبان
die,Basis,Basen,Basen,,base,اساس
der,Blick,e,Blicke,,look,نگاه
das,Ding,e,Dinge,,thing,چیز
das,Drittel,Drittel,Drittel,,third,سوم
die,Hälfte,n,Hälften,,half,نیم
die,Fußgängerzone,n,Fußgängerzonen,,pedestrian zone,منطقه عابر پیاده
die,Kompetenz,en,Kompetenzen,,competence,شایستگی
das,Lotto,s,Lottos,,lotto,بخت آزمایی
die,Meldung,en,Meldungen,,report,گزارش
der,Moment,e,Momente,,moment,لحظه
das,Nylon,-,-,,nylon,الیاف مصنوعی
die,Praxis,Praxen,Praxen,,practice,کاربردی
die,Praxis,Praxen,Praxen,,doctor’s office,مطب دکتر
der,Schaden,Schäden,Schäden,,damage,آسیب
das,Schreiben,Schreiben,Schreiben,,write,نوشتن
das,Snowboard,s,Snowboards,,snowboard,اسنوبرد
die,Spezialität,en,Spezialitäten,,specialty,تخصص
die,Spitze,n,Spitzen,,top,بالا
die,Technik,en,Techniken,,technology,فن آوری
der,Trainee,s,Trainees,,trainee,کارآموز
die,Variante,n,Varianten,,variant,نوع
das,Wissenswerte,-,-,,valuable information,داده‌های ارزشمند
,anmelden,,,v,register,ثبت نام كردن
,beschädigen,,,v,damage,آسیب زدن
,bestätigen,,,v,confirm,پذیرفتن
,bestehen,,,v,pass,قبول شدن
,bilden,,,v,form,شکل دادن
,blicken,,,v,look,نگاه كردن
,einteilen,,,v,divide,تقسیم‌بندی کردن
,erledigen,,,v,complete,انجام دادن
,ernennen,,,v,appoint,گماشتن
,erstatten,,,v,reimburse,بازپرداخت کردن
,fließen,,,v,flow,جاری شدن
,geschehen,,,v,happen,اتفاق افتادن
,gespannt,,,adj,excited,مشتاق
,klären,,,v,clarify,روشن کردن
,leihen,,,v,lend,قرض دادن
,reagieren,,,v,react,واکنش نشان دادن
,rodeln,,,v,go sledding,سورتمه سواری کردن
,schicken,,,v,send,فرستادن
,stören,,,v,disturb,مزاحم شدن
,übernehmen,,,v,take over,به عهده گرفتن
,verfassen,,,v,write,بنویس
,verlängern,,,v,extend,تمدید كردن
,vertauschen,,,v,exchange,مبادله کردن
,ziehen,,,v,pull,کشیدن
,zusammenfassen,,,v,summarize,خلاصه کردن
,zusenden,,,v,send,فرستادن
,abwechslungsreich,,,adj,varied,متنوع
,formlos,,,adj,informal,غیررسمی
,hervorragend,,,adj,excellent,برجسته
,interkulturell,,,adj,intercultural,بین فرهنگی
,international,,,adj,international,بین‌المللی
,maximal,,,adj,maximum,حداکثر
,mittel,,,adj,medium,متوسط
,notwendig,,,adj,necessary,لازم
,offiziell,,,adj,official,رسمی
,selbstverständlich,,,adj,self-evident,بدیهی
,umweltfreundlich,,,adj,eco-friendly,سازگار با محیط زیست
,feindlich,,,adj,hostile,خصمانه
,unbekannt,,,adj,unknown,ناشناخته
,unsicher,,,adj,unsure,نامطمئن
,unterschiedlich,,,adj,different,متفاوت
,anbei,,,adv,enclosed,محصور شده
,einander,,,pron,each other,یکدیگر
,etwa,,,adv,approximately,تقریباً
,hiermit,,,adv,hereby,بدینوسیله
,insgesamt,,,adv,in total,در مجموع
,,,,,,
der,Verkehrsunfall,Verkehrsunfälle,Verkehrsunfälle,,traffic accident,تصادف رانندگی
der,Unfall,Unfäll,Unfäll,,accident,تصادف
der,Unfallhergang,Unfallhergänge,Unfallhergänge,,details of an accident,شرح وقوع تصادف
die,Unfallstelle,n,Unfallstellen,,accident scene,محل تصادف
,ereignen,,,v,happen,رخ دادن
,beteiligen,,,v,participate,مشارکت کردن
,beteiligt,,,adj,involved,درگیر
der/die,Beteiligte,n,Beteiligten,,participant,شرکت کننده
der,Fahrer,Fahrer,Fahrer,,driver,راننده
die,Fahrerin,nen,Fahrerinnen,,driver,راننده
der,Beifahrer,Beifahrer,Beifahrer,,passenger,سرنشین
die,Beifahrerin,nen,Beifahrerinnen,,passenger,سرنشین
die,Fahrbahn,en,Fahrbahnen,,roadway,راه
die,Gegenfahrbahn,en,Gegenfahrbahnen,,opposite lane,راه روبرو
die,Ampel,n,Ampeln,,traffic light,چراغ راهنمایی
,wechseln,,,v,change,عوض كردن
,blinken,,,v,flash,چراغ راهنما زدن
,ausweichen,,,v,evade,کنار رفتن
,entgegenkommen,,,v,make a concession,همکاری کردن
,geraten,,,adj,advised,توصیه شده
,geraten,,,v,get into,وارد شدن
die,Schuld,en,Schulden,,guilt,گناه
,schuld,,,adj,guilty,گناهکار
,schuldig,,,adj,guilty,گناهکار
der/die,Schuldige,n,Schuldigen,,culprit,گناهکار
,verursachen,,,v,cause,باعث شدن
,überholen,,,v,overtake,سبقت گرفتن
,übersehen,,,v,overlook,چشم‌پوشی کردن
,übersehen,,,v,overview,دید کلی داشتن
der,Zusammenstoß,Zusammenstöße,Zusammenstöße,,collision,برخورد
,zusammenstoßen,,,v,collide,برخورد کردن
die,Bremse,n,Bremsen,,brake,ترمز
,bremsen,,,v,brakes,ترمز کردن
die,Vollbremsung,en,Vollbremsungen,,emergency braking,ترمز اضطراری
der,Knall,e,Knalle,,bang,صدای انفجار
der,Schaden,Schäden,Schäden,,damage,خسارت
der,Sachschaden,Sachschäden,Sachschäden,,property damage,خسارت مالی
der,Totalschaden,Totalschäden,Totalschäden,,total loss,خسارت کلی
der,Tod,e,Tode,,death,مرگ
der/die,Tote,n,Toten,,dead,مرده
,tote,,,adj,dead,مرده
,verletzen,,,v,injure,آسیب رساندن
,verletzt,,,adj,injured,مجروح
,unverletzt,,,adj,uninjured,آسیب ندیده
der/die,Verletzte,n,Verletzten,,injured,مجروح
die,Verletzung,en,Verletzungen,,injury,جراحت
,eine Verletzung erleiden,,,,suffer an injury,دچار آسیب دیدگی شدن
die,Prellung,en,Prellungen,,bruise,کبودی
das,Schleudertrauma,ta,Schleudertraumata,,whiplash injury,آسیب شلاقی گردن
die,Halskrause,n,Halskrausen,,neck ruff,گردن بند طبی
der,Schlüsselbeinbruch,Schlüsselbeinbrüche,Schlüsselbeinbrüche,,broken collarbone,شکستگی ترقوه
,brechen,,,v,break,استراحت
,gebrochen,,,adj,broken,شکسته
die,Wunde,n,Wunden,,wound,زخم
die,Halswirbelsäule,n,Halswirbelsäulen,,cervical spine,ستون فقرات گردنی
die,Haut,Häute,Häute,,skin,پوست
die,Rippe,n,Rippen,,rib,دنده
,operieren,,,v,operate,جراحی كردن
,versorgen,,,,provide,تأمین كردن
die,Spritze,n,Spritzen,,injection,تزریق
der,Verband,Verbände,Verbände,,bandage,پانسمان
der,Spezialverband,,,,special bandage,پانسمان تخصصی
,verbinden,,,v,connect,وصل كردن
der,Notfall,Notfälle,Notfälle,,emergency,اورژانس
der,Notarzt,Notärzte,Notärzte,,emergency doctor,پزشک اورژانس
der,Rettungsdienst,e,Rettungsdienste,,emergency services,خدمات اورژانسی
der,Rettungswagen,Rettungswagen,Rettungswagen,,ambulance,آمبولانس
die,Erste Hilfe,-,-,,first aid,کمک‌های اولیه
der,Zeuge,n,Zeugen,,witness,شاهد
die,Zeugin,nen,Zeuginnen,,witness,شاهد
der,Augenzeuge,n,Augenzeugen,,eyewitness,شاهد عینی
die,Aussage,n,Aussagen,,statement,بیانیه
,befragen,,,v,question,پرسیدن
,vernehmen,,,v,hear,شنیدن
,beobachten,,,v,observe,مشاهده کردن
die,Schilderung,en,Schilderungen,,description,توضیحات
das,Protokoll,e,Protokolle,,protocol,دستورکار
das,Autoteil,e,Autoteile,,car part,قطعه ماشین
der,Kofferraum,Kofferräume,Kofferräume,,trunk,صندوق عقب خودرو
der,Kofferraumdeckel,Kofferraumdeckel,Kofferraumdeckel,,trunk lid,درب صندوق عقب
der,Kotflügel,Kotflügel,Kotflügel,,fender,گلگیر
der,Motor,en,Motoren,,motor,موتور
die,Motorhaube,n,Motorhauben,,bonnet,کاپوت
der,Reifen,Reifen,Reifen,,tires,لاستیک‌ها
die,Scheibe,n,Scheiben,,disc,صفحه
die,Scheibe,n,Scheiben,,pane,قاب شیشه
die,Frontscheibe,n,Frontscheiben,,windshield,شیشه جلو
die,Heckscheibe,n,Heckscheiben,,rear window,شیشه عقب
die,Stoßstange,n,Stoßstangen,,bumper,سپر اتومبیل
die,Angabe,n,Angaben,,information,اطلاعات
die,Anschrift,en,Anschriften,,address,نشانی
die,Brüche,n,Brüchen,,fracture,شکستگی
das,Diagramm,e,Diagramme,,diagram,نمودار
das,Liniendiagramm,e,Liniendiagramme,,line chart,نمودار خطی
der,Ehemann,Ehemänner,Ehemänner,,husband,شوهر
die,Ehefrau,en,Ehefrauen,,wife,همسر
die,Eisenbahn,en,Eisenbahnen,,railroad,راه آهن
die,Folge,n,Folgen,,consequence,پیامد
die,Frechheit,en,Frechheiten,,outrageous!,افتضاح!
die,Geduld,,,,patience,شکیبایی
das,Glück,e,Glücke,,luck,بخت
das,Unglück,e,Unglücke,,bad luck,بدبختی
die,Großstadt,Großstädte,Großstädte,,metropolis,کلان‌شهر
das,Motorrad,Motorräder,Motorräder,,motorcycle,موتورسیکلت
das,Pfeil,e,Pfeile,,arrow,پیکان
die,Presse,n,Pressen,,press,مطبوعات
das,Rennen,Rennen,Rennen,,race,مسابقه
die,S-Bahn,en,S-Bahnen,,urban train,قطار شهری
das,Schaufenster,Schaufenster,Schaufenster,,shop window,ویترین مغازه
der,Stil,e,Stile,,style,شیوه
der,Fahrstil,e,Fahrstile,,driving style,شیوه رانندگی
die,Strafe,n,Strafen,,penalty,کیفر
der,Streit,e,Streite,,argument,زد و خورد
der,Sturz,Stüze,Stüze,,fall,افتادن
das,Taxi,s,Taxis,,taxi,تاکسی
der,Titel,Titel,Titel,,title,"نام،سرآغاز"
der,Unsinn,,,,nonsense,پوچ
der/die,Verrückte,n,Verrückten,,crazy,دیوانه
der,Zustand,Zustände,Zustände,,condition,وضعیت
,befahren,,,v,drive,در جاده رانندگی کردن
,berichten,,,v,report,گزارش دادن
,betrachten,,,v,regard,در نظر گرفتن
,diskutieren,,,v,discuss,گفتگو کردن
,eindrücken,,,v,press,به داخل فشار دادن
,einschlafen,,,v,fall asleep,به خواب رفتن
,festzustellen,,,v,to determine,تعیین کردن
,feststellen,,,v,notice,پی بردن
,handeln,,,v,act,کار کردن
,interviewen,,,v,interview,مصاحبه کردن
,kritisieren,,,v,criticize,انتقاد كردن
,nähen,,,v,sew,دوخت و دوز
,nützen,,,v,to be useful,به کار آمدن
,räumen,,,v,clear,خالی کردن
,reichen,,,v,suffice,كافی بودن
,sauer,,,adj,sour,ترش
,schockieren,,,v,shock,بهت زده کردن
,staunen,,,v,marvel,شگفتی
,streiten,,,v,argue,دعوا كردن
,überraschen,,,v,surprise,غافلگیر كردن
,versichern,,,v,assure,اطمینان دادن
,verspäten,,,v,be late,دیر كردن
,vertragen,,,v,tolerate,تحمل داشتن
,zerbrechen,,,v,break,خرد شدن
,erreichbar,,,adj,reachable,قابل دسترسی
,frech,,,adj,cheeky,گستاخ
,kontinuierlich,,,adj,continuous,پیوسته
,reich,,,adj,rich,غنی
,unverschämt,,,adj,outrageous,ظالمانه
,verrückt,,,adj,crazy,دیوانه
,wütend,,,adj,angry,عصبانی
,gerade,,,adj,straight,مستقیم
,online,,,adv,on-line,آنلاین
,weiter,,,adv,further,ادامه
,zum,,,,for the,برای
,Glück,,,,luck,بخت
,,,,,,
das,Feld,er,Felder,,field,مزرعه
der,Anblick,e,Anblicke,,sight,چشم‌انداز
das,Panorama,Panoramen,Panoramen,,panorama,چشم‌انداز وسیع
die,Silhouette,n,Silhouetten,,silhouette,ترسیم سایه
die,Anlage,n,Anlagen,,facility,تأسیسات
die,Brücke,n,Brücken,,bridge,پل
die,Landungsbrücke,n,Landungsbrücken,,landing pier,اسکله مسافربری
die,Fassade,n,Fassaden,,facade,نما
die,Fontäne,n,Fontänen,,fountain,آب فشان
das,Motiv,e,Motive,,motive,انگیزه
das,Fotomotiv,e,Fotomotive,,photo opportunity,موضوع عکس
die,Rundfahrt,en,Rundfahrten,,excursion,گردش
die,Ausbildung,en,Ausbildungen,,training,آموزش
der,Ausbildungsgang,Ausbildungsgänge,Ausbildungsgänge,,training program,برنامه آموزشی
der,Studiengang,Studiengänge,Studiengänge,,study program,برنامه تحصیلی
der,Campus,Campus,Campus,,campus,محوطهٔ دانشگاه
das,Design,s,Designs,,design,طراحی
der,Designer,Designer,Designer,,designer,طراح
die,Designerin,nen,Designerinnen,,designer,طراح
der,Journalismus,-,-,,journalism,روزنامه‌نگاری
das,Management,s,Managements,,management,مدیریت
die,Medien,-,-,,media,رسانه
das,Medienmanagement,s,Medienmanagements,,media management,مدیریت رسانه
der,Texter,Texter,Texter,,copywriter,نویسندهٔ متن
die,Texterin,nen,Texterinnen,,copywriter,نویسندهٔ متن
die,Kunst,Künste,Künste,,art,هنر
das,Schauspielhaus,Schauspielhäuser,Schauspielhäuser,,playhouse,پلی‌هاوس
das,Schauspiel,e,Schauspiele,,play,نمایش
der,Schauspieler,Schauspieler,Schauspieler,,actor,بازیگر
die,Schauspielerin,nen,Schauspielerinnen,,actress,بازیگر
der,Darsteller,Darsteller,Darsteller,,performer,اجراکننده
die,Darstellerin,nen,Darstellerinnen,,actress,بازیگر
die,Bühne,n,Bühnen,,stage,صحنه
die,Szene,n,Szenen,,scene,صحنه
das,Kapitel,Kapitel,Kapitel,,chapter,فصل
das,Musical,s,Musicals,,musical,نمایش همراه با آواز و موسیقی
der,Sänger,Sänger,Sänger,,singer,خواننده
die,Sängerin,nen,Sängerinnen,,singer,خواننده
die,Stimme,n,Stimmen,,voice,صدا
die,Trompete,n,Trompeten,,trumpet,شیپور
der,Bläser,Bläser,Bläser,,wind instruments,سازهای بادی
das,Argument,e,Argumente,,argument,خردورزی
das,Barock,,,,baroque,باروک
der,Bart,Bärte,Bärte,,beard,ریش
die,Börse,n,Börsen,,stock exchange,بورس اوراق بهادار
die,Branche,n,Branchen,,industry,صنعت
der,Container,Container,Container,,container,کانتینر
der,Kühlcontainer,Kühlcontainer,Kühlcontainer,,refrigerated container,کانتینر یخچالی
der,Detektiv,e,Detektive,,detective,کارآگاه
das,Dinner,s,Dinners,,dinner,شام
die,Einrichtung,en,Einrichtungen,,furniture,مبلمان
das,Engagement,s,Engagements,,engagement,پایبندی
der,Exfreund,e,Exfreunde,,ex boyfriend,دوست پسر سابق
der,Fahrstuhl,Fahrstühle,Fahrstühle,,elevator,آسانسور
die,Faszination,en,Faszinationen,,fascination,شیفتگی
die,Fläche,n,Flächen,,area,مساحت
die,Flotte,n,Flotten,,fleet,ناوگان
die,Form,en,Formen,,form,ریخت
der,Frühaufsteher,Frühaufsteher,Frühaufsteher,,early bird,سحر خیز
das,Geländer,Geländer,Geländer,,railing,نرده
der,Genuss,Genüsse,Genüsse,,enjoyment,خوشی
das,Gesicht,er,Gesichter,,face,چهره
das/der,Hektar,e,Hektare,,hectare,هکتار
der,Interviewer,Interviewer,Interviewer,,interviewer,مصاحبه کننده
die,Interviewerin,nen,Interviewerinnen,,interviewer,مصاحبه کننده
der,Kommilitone,n,Kommilitonen,,fellow student,هم دانشگاهی
die,Kommilitonin,nen,Kommilitoninnen,,fellow student,هم دانشگاهی
der,Kranführer,Kranführer,Kranführer,,crane operator,اپراتور جرثقیل
die,Kranführerin,nen,Kranführerinnen,,crane operator,اپراتور جرثقیل
der,Löwe,n,Löwen,,lion,شیر
der,Marktschreier,Marktschreier,Marktschreier,,barker,جارزنِ بازار
die,Menge,n,Mengen,,crowd,جمعیت
die,Nähe,-,-,,vicinity,همسایگی
die,Niederlassung,en,Niederlassungen,,branch,شاخه
die,Niederlassung,en,Niederlassungen,,residence,اقامتگاه
die,Orientierung,en,Orientierungen,,orientation,جهت گیری
der,Orientierungspunkt,e,Orientierungspunkte,,landmark,نشانهٔ جهت یابی
der,Pastor,en,Pastoren,,pastor,كشیش پروتستان
die,Pastorin,nen,Pastorinnen,,pastor,کشیش زن
die,Polizei,en,Polizeien,,police,پلیس
die,Plattform,en,Plattformen,,platform,سکو
die,Reportage,n,Reportagen,,report,گزارش
der,Rundfunk,,,,broadcasting,پخش رادیویی
die,Rundfunkanstalt,en,Rundfunkanstalten,,broadcasting corporation,سازمان رادیو-تلویزیونی عمومی
die,Qualität,en,Qualitäten,,quality,کیفیت
das,Quartal,e,Quartale,,quarter,یک چهارم
die,Schönheit,en,Schönheiten,,beauty,زیبایی
der,Speicher,Speicher,Speicher,,storage,انبار
der,Terminal,s,Terminals,,terminal,پایانه
das,Treiben,Treiben,Treiben,,hustle and bustle,جنب‌وجوش
die,Verteidigung,en,Verteidigungen,,defense,دفاع
die,Selbstverteidigung,en,Selbstverteidigungen,,self-defence,دفاع شخصی
,wechseln,,,v,change,عوض كردن
,aufteilen,,,v,divide,بخش کردن
,ausbilden,,,v,educate,آموزش دادن
,ausdenken,,,v,to invent,اندیشیدن
,bedrohen,,,v,threaten,تهدید کردن
,begleiten,,,v,accompany,همراهی کردن
,beschützen,,,v,protect,نگهداری کردن
,besorgt,,,adj,worried,نگران
,bewundern,,,v,admire,تحسین کردن
,bummeln,,,v,stroll,قدم زدن
,diskutieren,,,v,discuss,گفتگو کردن
,einfallen,,,v,come to mind,به ذهن آمدن
,erfordern,,,v,require,نیاز داشتن
,erwischen,,,v,catch,به موقع گرفتن
,fesseln,,,v,tie,بستن
,fliehen,,,v,flee,فرار کردن
,konzentrieren,,,v,concentrate,متمرکز کردن
,kriegen,,,v,get,دریافت كردن
,niederschlagen,,,v,suppress,به زمین کوبیدن
,orientieren,,,v,orient,جهت یابی کردن
,orientiert,,,adj,oriented,جهت دار
,prägen,,,v,imprint,شکل دادن
,recht,,,adj,right,درست
,haben,,,v,have,داشتن
,retten,,,v,save,نجات دادن
,stoßen,,,v,push,هل دادن
,trennen,,,v,separate,جداگانه
,treten,,,v,kick,لگد زدن
,unternehmen,,,v,undertake,انجام دادن
,verlieben,,,v,fall in love,عاشق شدن
,verpassen,,,v,miss,از دست دادن
,verschwinden,,,v,disappear,ناپدید شدن
,versorgen,,,v,take care of,مراقبت کردن
,weiterbringen,,,v,further,پیش بردن
,zurückkommen,,,v,come back,برگشتن
,beeindruckend,,,adj,impressive,چشمگیر
,blond,,,adj,blond,بور
,delikat,,,adj,delicate,خوشمزه
,ehemalig,,,adj,former,سابق
,einzigartig,,,adj,unique,بی همتا
,exzellent,,,adj,excellent,عالی
,hart,,,adj,hard,سخت
,heutig,,,adj,today’s,امروزی
,kreativ,,,adj,creative,خلاق
,lebhaft,,,adj,lively,سرزنده
,malerisch,,,adj,picturesque,زیبا و خوش‌منظره
,mörderisch,,,adj,murderous,قاتل
,ohnmächtig,,,adj,unconscious,بیهوش
,renommiert,,,adj,renowned,مشهور
,spannend,,,adj,exciting,هیجان انگیز
,staatlich,,,adj,governmental,دولتی
,still,,,adj,still,هنوز
,stolz,,,adj,proud,مغرور
,traditionsreich,,,adj,rich in tradition,سرشار از سنت‌ها
,unterhaltsam,,,adj,entertaining,سرگرم کننده
,unvergesslich,,,adj,unforgettable,فراموش نشدنی
,,,,,,
die,Post,,,,post,اداره پست
die,Luftpost,en,Luftposten,,airmail,پست هوایی
das,Amt,Ämter,Ämter,,government office,دفتر دولتی
das,Postamt,Postämter,Postämter,,post office,اداره پست
der,Briefkasten,Briefkästen,Briefkästen,,mailbox,صندوق پستی
der,Postkasten,Postkästen,Postkästen,,mailbox,صندوق پستی
der,Briefträger,Briefträger,Briefträger,,postman,پستچی
die,Briefträgerin,nen,Briefträgerinnen,,postwoman,پستچی
der,Postbote,,,,postman,پستچی
die,Postbotin,nen,Postbotinnen,,postwoman,پستچی
das,einschreiben,,,v,enroll,نام نویسی كردن
das,Paket,e,Pakete,,package,بسته
das,Päckchen,Päckchen,Päckchen,,parcel,بسته
die,Postkarte,n,Postkarten,,postcard,کارت پستال
,senden,,,v,send,فرستادن
die,Sendung,en,Sendungen,,sending,بسته پستی
die,Briefsendung,,,,letter,ارسال نامه
die,Paketsendung,,,,parcel shipment,حمل بسته
der,Briefumschlag,Briefumschläge,Briefumschläge,,envelope,پاکت
die,Briefmarke,n,Briefmarken,,stamp,تمبر
das,Porto,s,Portos,,postage,هزینه پستی
der,Stempel,Stempel,Stempel,,stamp,مهر لاستیکی
,abstempeln,,,v,stamp,تمبر
der,Absender,Absender,Absender,,sender,فرستنده
der,Empfänger,Empfänger,Empfänger,,recipient,گیرنده
der,Zoll,Zölle,Zölle,,customs,گمرک
der,Auftrag,Aufträge,Aufträge,,commission,ماموریت
der,Nachforschungsauftrag,,,,inquiry request,درخواست پیگیری
die,Zustellung,en,Zustellungen,,delivery,تحویل
die,Zustellbarkeit,,,,deliverability,قابلیت تحویل
,abschicken,,,v,post,فرستادن
,aufgeben,,,v,give up,دست برداشتن
,adressieren,,,v,address,نشانی دادن
,werfen,,,v,throw,انداختن
,zustellen,,,v,deliver,تحویل دادن
die,Abgabe,n,Abgaben,,submission,ارسال
der,Anbieter,Anbieter,Anbieter,,provider,ارائه دهنده
der,Apparat,e,Apparate,,apparatus,دستگاه
der,Fernsehapparat,e,Fernsehapparate,,TV,تلویزیون
der,Beleg,e,Belege,,document,سند
die,Beschwerde,n,Beschwerden,,complaint,شکایت
der,Eintrag,Einträge,Einträge,,entry,ثبت
der,Einwohner,Einwohner,Einwohner,,resident,ساکن
die,Einwohnerin,nen,Einwohnerinnen,,resident,ساکن
das,Einwohnermeldeamt,Einwohnermeldeämte,Einwohnermeldeämte,,residents' registration office,اداره ثبت احوال ساکنین
die,Erklärung,en,Erklärungen,,explanation,توضیح
die,EU,,,,EU,اتحادیه اروپا
die,Garantie,n,Garantien,,guarantee,تضمین
das,Geheimnis,se,Geheimnisse,,secret,راز
das,Heimweh,,,,homesickness,دلتنگی برای خانه
die,Highschool,s,Highschools,,high school,دبیرستان
das,Inland,s,Inlands,,inland,داخل كشور
das,Internetforum,Internetforen,Internetforen,,internet forum,انجمن اینترنتی
das,Kloster,Klöster,Klöster,,monastery,صومعه
die,Nonne,n,Nonnen,,nun,راهبه
die,Mitteilung,en,Mitteilungen,,notice,اطلاعیه
die,Panne,n,Pannen,,breakdown,شکست
das,Preisausschreiben,Preisausschreiben,Preisausschreiben,,competition,مسابقه
die,Reaktion,en,Reaktionen,,reaction,واکنش
die,Reklamation,en,Reklamationen,,complaint,شکایت
der,Standard,s,Standards,,standard,استاندارد
der,Status,Status,Status,,status,وضعیت
das,Stofftier,e,Stofftiere,,stuffed animal,حیوان عروسکی پارچه ای
die,Strafe,n,Strafen,,penalty,تنبیه
das,Telefonbuch,Telefonbücher,Telefonbücher,,telephone book,دفترچه تلفن
der,Untertitel,Untertitel,Untertitel,,subtitles,زیرنویس‌ها
der,Urenkel,Urenkel,Urenkel,,great-grandchildren,نتیجه (فرزند نوه)
der,Verlag,e,Verlage,,publisher,ناشر
der/die,Verlobte,n,Verlobten,,fiancée,نامزد
die,Webseite,n,Webseiten,,website,وب‌سایت
der,Werktag,e,Werktage,,working day,روز کاری
der,Wert,e,Werte,,value,ارزش
die,Zeitschrift,en,Zeitschriften,,magazine,مجله
die,Zentrale,n,Zentralen,,headquarters,مركز
,abstimmen,,,v,vote,رأی
,angeben,,,v,indicate,نشان دادن
,auffordern,,,v,request,درخواست کردن
,ausdrücken,,,v,express,بیان كردن
,beschweren,,,v,complain,شكایت كردن
,besorgen,,,v,provide,تهیه کردن
,betreffen,,,v,concern,مربوط بودن
,herausfinden,,,v,find out,پی بردن
,kleben,,,v,stick,چسبیدن
,kümmern,,,v,take care,مراقبت كردن
,löschen,,,v,delete,پاک کردن
,nachforschen,,,v,investigate,کاوش کردن
,packen,,,v,pack,بسته بندی كردن
,einpacken,,,v,pack,بسته بندی كردن
,realisieren,,,v,realize,متوجه شدن
,stecken,,,v,put,قرار دادن
,übersteigen,,,v,outstrip,پیش افتادن
,verfolgen,,,v,pursue,تعقیب كردن
,verreisen,,,v,travel,سفر كردن
,versprechen,,,v,promise,پیمان بستن
,verstecken,,,v,hide,پنهان کردن
,verstärken,,,v,strengthen,نیرومند کردن
,vorkommen,,,v,happen,رخ دادن
,wegschmeißen,,,v,throw away,دور انداختن
,wundern,,,v,wonder,شگفت زده شدن
,zurückbringen,,,v,return,بازگشت
,ähnlich,,,adj,similar,مانند
,emotional,,,adj,emotionally,احساسی
,fair,,,adj,fair,منصفانه
,unfair,,,adj,unfair,ناعادلانه
,korrekt,,,adj,correct,درست
,neutral,,,adj,neutral,بی طرف
,ordentlich,,,adj,neat,بسامان
,unordentlich,,,adj,messy,کثیف
,pünktlich,,,adj,punctual,به موقع
,real,,,adj,real,واقعی
,irreal,,,adj,unreal,غیر واقعی
,tot,,,adj,dead,مرده
,irgend,,,adv,any,هر
,nirgends,,,adv,nowhere,هیچ جا
,nirgendwoher,,,adv,nowhere,هیچ جا
,nirgendwohin,,,adv,nowhere,هیچ جا
,damals,,,adv,at that time,در آن زمان
,mithilfe,,,prep,using,با استفاده از
,normalerweise,,,adv,normally,به طور معمول
,zunächst,,,adv,first,اول
,zunächst,,,prep,next to,در کنار
,solche,,,pron,such,چنین
,in Ordnung sein,,,,be okay,درست بودن
,,,,,,
die,Hochschule,n,Hochschulen,,college,آموزشگاه عالی
die,Fachhochschule,n,Fachhochschulen,,university of applied sciences,دانشگاه علوم کاربردی
das,Konservatorium,Konservatorien,Konservatorien,,conservatory,هنرستان
die,Universität,en,Universitäten,,university,دانشگاه
der,Bachelor,s,Bachelors,,bachelor,کارشناسی
der,Master,Master,Master,,master,کارشناسی ارشد
die,Promotion,en,Promotionen,,promotion,دریافت مدرک دکترا
die,Prüfung,en,Prüfungen,,test,آزمون
die,Aufnahmeprüfung,en,Aufnahmeprüfungen,,entrance examination,آزمون ورودی
die,Eignungsprüfung,en,Eignungsprüfungen,,aptitude test,آزمون شایستگی
die,Reifeprüfung,en,Reifeprüfungen,,final examination,آزمون پایانی
die,Zulassungsbedingung,en,Zulassungsbedingungen,,admission requirement,شرایط پذیرش
die,Regelstudienzeit,en,Regelstudienzeiten,,standard period of study,مدت استاندارد تحصیل
die,Forschung,-,-,,research,پژوهش
die,Lehre,-,-,,teach,آموزش
die,Wissenschaft,en,Wissenschaften,,science,دانش
der,Dozent,en,Dozenten,,lecturer,مدرس
die,Hochschulreife,Hochschulreife,Hochschulreife,,university entrance qualification,شرایط ورود به دانشگاه
der,Meister,Meister,Meister,,master,استاد
der,Meistertitel,Meistertitel,Meistertitel,,championship title,عنوان قهرمانی
,einschreiben,,,v,enroll,نام نویسی كردن
,immatrikulieren,,,v,matriculate,ثبت نام کردن در دانشگاه
die,Fakultät,en,Fakultäten,,faculty,دانشكده
die,Geisteswissenschaft,en,Geisteswissenschaften,,humanities,علوم انسانی
die,Gestaltung,en,Gestaltungen,,arrangement,چیدمان
das,Ingenieurwesen,,,,engineering,مهندسی (از نگاه کارکردی)
die,Ingenieurwissenschaft,en,Ingenieurwissenschaften,,Engineering Science,دانش مهندسی (از نگاه آموزشی)
die,Naturwissenschaft,en,Naturwissenschaften,,natural science,علوم طبیعی
die,Rechtswissenschaft,en,Rechtswissenschaften,,law,دانش حقوق
das,Sozialwesen,-,-,,social system,نظام اجتماعی
die,Theologie,n,Theologien,,theology,دانش دینی
die,Wirtschaftswissenschaft,en,Wirtschaftswissenschaften,,economics,اقتصاد
das,Studienfach,Studienfächer,Studienfächer,,subject of study,رشته‌ی تحصیلی
die,Anglistik,,,,English Language and Literature,زبان و ادبیات انگلیسی
die,Betriebswirtschaft,,,,business administration,مدیریت بازرگانی
die,Germanistik,,,,German language and literature,زبان و ادبیات آلمانی
der,Jura,,,,law,قانون
die,Pädagogik,-,-,,pedagogy,دانش آموزش و پرورش
die,Psychologie,-,-,,psychology,دانش روانشناسی
die,Informatik,-,-,,computer science,علوم کامپیوتر
die,Wirtschaftsinformatik,-,-,,management information systems,مدیریت فناوری اطلاعات
der,Schultyp,en,Schultypen,,school type,نوع مدرسه
die,Förderschule,n,Förderschulen,,special needs school,مدرسه با نیازهای ویژه
die,Grundschule,n,Grundschulen,,primary school,مدرسه ابتدایی
die,Hauptschule,n,Hauptschulen,,secondary school,مدرسه متوسطه
die,Realschule,n,Realschulen,,secondary school,مدرسه متوسطه
das,Internat,e,Internate,,boarding school,مدرسه شبانه روزی
der,Beruf,e,Berufe,,profession,حرفه
der,Analytiker,Analytiker,Analytiker,,analyst,تحلیلگر
die,Analytikerin,nen,Analytikerinnen,,analyst,تحلیلگر
der,Buchhändler,Buchhändler,Buchhändler,,bookseller,کتابفروش
die,Buchhändlerin,nen,Buchhändlerinnen,,bookseller,کتابفروش
der,Dolmetscher,Dolmetscher,Dolmetscher,,interpreter,مترجم
die,Dolmetscherin,nen,Dolmetscherinnen,,interpreter,مترجم
der,Facharzt,Fachärzte,Fachärzte,,specialist,متخصص
die,Psychiatrie,-,-,,psychiatry,روانپزشکی
die,Chirurgie,-,-,,surgery,عمل جراحی
der,Fernfahrer,Fernfahrer,Fernfahrer,,truck driver,راننده کامیون
die,Fernfahrerin,nen,Fernfahrerinnen,,truck driver,راننده کامیون
der,Ingenieur,Ingenieure,Ingenieure,,engineer,مهندس
die,Ingenieurin,nen,Ingenieurinnen,,engineer,مهندس
der,Oberarzt,Oberärzte,Oberärzte,,senior physician,پزشک ارشد
die,Oberärztin,nen,Oberärztinnen,,senior physician,پزشک ارشد
die,Kunst,Künste,Künste,,art,هنر
die,Auszeichnung,en,Auszeichnungen,,award,پاداش
der,Oskar,s,Oskars,,oskar,اسکار
das,Kabarett,s,Kabaretts,,cabaret,کاباره
der,Kabarretist,en,Kabarretisten,,cabaret artist,هنرمند کاباره
die,Kabarretistin,nen,Kabarretistinnen,,cabaret artist,هنرمند کاباره
das,Instrument,en,Instrumenten,,instrument,ساز
das,Orchester,,,,orchestra,ارکستر
die,Solokarriere,,,,solo career,حرفه انفرادی
die,Regie,,,,director,كارگردانی
der,Regieassistent,en,Regieassistenten,,assistant director,دستیار کارگردان
die,Regieassistentin,nen,Regieassistentinnen,,assistant director,دستیار کارگردان
das,Drehbuch,Drehbücher,Drehbücher,,film script,فیلمنامه
,auftreten,,,,appear (on the stage),ظاهر شدن
,drehen,,,,turn,نوبت
die,Begabung,en,Begabungen,,talent,استعداد
das,Berufsleben,-,-,,professional life,زندگی حرفه‌ای
die,Besonderheit,en,Besonderheiten,,special feature,ویژگی خاص
der,Einstieg,e,Einstiege,,entrance,ورود
die,Fähigkeit,en,Fähigkeiten,,capability,توانایی
die,Hitze,n,Hitzen,,heat,گرما
die,Jugend,-,-,,youth,جوانان
der,Kandidat,en,Kandidaten,,candidate,نامزد
die,Kandidatin,nen,Kandidatinnen,,candidate,نامزد
das,Kraftfahrzeug,e,Kraftfahrzeuge,,motor vehicle,وسیله نقلیه موتوری
die,Kombination,nen,Kombinationnen,,combination,ترکیب
der,Kompass,e,Kompasse,,compass,قطب‌نما
der,Lebensweg,e,Lebenswege,,life path,مسیر زندگی
die,Leidenschaft,en,Leidenschaften,,passion,شور و اشتیاق
der,Lastkraftwagen,,,,truck,کامیون
die,Mehrzahl,,,,majority,بیشتر
das,Merkmal,,,,feature,ویژگی
die,Organisation,nen,Organisationnen,,organization,سازمان
die,Phase,n,Phasen,,phase,مرحله
die,Endphase,n,Endphasen,,final phase,مرحله نهایی
der,Praktiker,Praktiker,Praktiker,,practitioner,پزشک
der,Praktiker,Praktiker,Praktiker,,practitioner,فرد عمل گرا
die,Praxis,Praxen,Praxen,,office,دفتر پزشک یا وکیل
die,Praxis,-,-,,practice,تمرین
die,Theorie,n,Theorien,,theory,نظریه
das,Recht,-,-,,right,قانون
der,Schüleraustausch,e,Schüleraustausche,,student exchange,تبادل دانشجو
die,Spedition,n,Speditionn,,freight forwarding,حمل و نقل بار
das,Spektrum,Spektren,Spektren,,spectrum,طیف
das,Späte,-,-,,lateness,دیرکرد
der,Transport,e,Transporte,,transport,حمل و نقل
der,Transporteur,e,Transporteure,,transporter,باربر
das,Unternehmen,Unternehmen,Unternehmen,,company,شرکت
der,Vortrag,Vorträge,Vorträge,,speech,سخنرانی
,aufwachsen,,,v,grow up,بزرگ شدن
,befürchten,,,v,fear,ترس
,erfüllen,,,v,fulfill,برآورده کردن
,existieren,,,v,exist,وجود داشتن
,formulieren,,,v,formulate,فرموله کردن
,führen,,,v,lead,هدایت كردن
,hospitieren,,,v,sit in on lectures,اقامت کردن در جایی به منظور کارآموزی
,integrieren,,,v,integrate,ادغام
,kombinieren,,,v,combine,ترکیب کردن
,nachweisen,,,v,prove,ثابت كردن
,raten,,,v,guess,حدس زدن
,raten,,,v,advise,توصیه كردن
,regeln,,,v,regulate,تنظیم کردن
,spezialisieren,,,v,specialize,متخصص شدن
,überlegen,,,v,think,فكر كردن
,überlegen,,,adj,superior,برتر
,umwandeln,,,v,convert,تبدیل کردن
,anerkannt,,,adj,recognized,شناخته شده
,dual,,,adj,dual,دوگانه
,fleißig,,,adj,diligent,کوشا
,gesamt,,,adj,total,همه
,gewöhnlich,,,adj,usual,بهنجار
,ungewöhnlich,,,adj,unusual,نا بهنجار
,klassisch,,,adj,classic,ماندگار
,künstlerisch,,,adj,artistic,هنری
,pädagogisch,,,adj,educational,آموزشی
,praktisch,,,adj,practical,کاربردی
,theoretisch,,,adj,theoretical,نظری
,praxisorientiert,,,adj,practice-oriented,کاربردی
,schwerpunktmäßig,,,adj,mainly,بیشتر
,schwierig,,,adj,difficult,دشوار
,selbstständig,,,adj,self-employed,خویش فرما
,stressig,,,adj,stressful,استرس‌زا
,unabhängig,,,adj,independent,خودگردان
,ungeduldig,,,adj,impatient,بی صبر
,wahr,,,adj,TRUE,راست
,wesentlich,,,adj,essential,اساسی
,nebenbei,,,adv,alongside,در کنار
,wegen,,,prep,because of,به دلیل
,bloß,,,adv,just,فقط
,doch,,,adv,still,با این وجود
,nur,,,adv,only,فقط
,auf diese Weise,,,-,in this way,به این ترتیب
,in der Regel,,,adv,usually,بیشتر
,,,,,,
der,Bauer,n,Bauern,,farmer,کشاورز
die,Bäuerin,nen,Bäuerinnen,,peasant woman,کشاورز (زن)
der,Landwirt,e,Landwirte,,farmer,کشاورز
die,Landwirtin,nen,Landwirtinnen,,farmer,کشاورز
der,Hof,Höfe,Höfe,,courtyard,حیاط
der,Bauernhofe,Bauernhöfe,Bauernhöfe,,farm,مزرعه
die,Gärtnerei,en,Gärtnereien,,market garden,فروشگاه گل و گیاه
die,Scheune,n,Scheunen,,barn,انبار کاه و علوفه
der,Stall,Ställe,Ställe,,stall,طویله
,ausmisten,,,v,decluttering,مرتب سازی
der,Acker,Äcker,Äcker,,field,مزرعه
das,Feld,er,Felder,,field,میدان
die,Weide,n,Weiden,,pasture,چراگاه
das,Gras,Gräser,Gräser,,grass,چمن
das,Heu,-,-,,hay,یونجه
,heuen,,,v,hay,یونجه
der,Anbau,-,-,,cultivation,کشت
der,Anbau,-,-,,annex building,گسترش ساختمان
,anbauen,,,v,cultivate,سبزی کاری کردن
der,Ackerbau,-,-,,agriculture,کشاورزی
der,Landbau,-,-,,agriculture,کشاورزی
die,Tierhaltung,en,Tierhaltungen,,animal husbandry,دامپروری
die,Tierzucht,en,Tierzuchten,,animal breeding,اصلاح نژاد حیوانات
,Bio,,,prep,organic,طبیعی
,biologisch,,,adj,biological,زیستی
der,Öko,s,Ökos,,eco,دوستدار محیط زیست
die,Ökologie,-,-,,ecology,بوم شناسی
,ökologisch,,,adj,ecological,بوم شناختی
die,Umwelt,en,Umwelten,,environment,محیط زیست
der,Umweltschutz,-,-,,environmental protection,حفاظت از محیط زیست
der,Dünger,Dünger,Dünger,,fertilizer,کود
das,Schädlingsmittel,,,,pesticide,آفت کش
,ernten,,,v,harvest,برداشت كردن
,füttern,,,v,feed,غذا دادن
der,Einsatz,Einsätze,Einsätze,,mission,ماموریت
der,Helfer,Helfer,Helfer,,helper,یاور
die,Helferin,nen,Helferinnen,,helper,یاور
das,Mitglied,er,Mitglieder,,member,عضو
die,Organisation,en,Organisationen,,organization,سازمان
der,Zivildienst,e,Zivildienste,,civil service,خدمات ملکی
die,Stiftung,en,Stiftungen,,foundation,بنیاد
,freiwillig,,,adj,voluntary,داوطلبانه
,gemeinnützig,,,,non-profit,انسان دوستانه
der,Esel,Esel,Esel,,donkey,الاغ
der,Hahn,Hähne,Hähne,,faucet,شیر آب
der,Hahn,Hähne,Hähne,,rooster,خروس
,krähen,,,v,crow,بانگ زدن (قوقولی قوقو کردن)
die,Henne,n,Hennen,,hen,مرغ
das,Huhn,Hühner,Hühner,,chicken,مرغ
,gackern,,,v,cackle,قهقهه زدن
der,Hund,Hunde,Hunde,,dog,سگ
die,Hündin,nen,Hündinnen,,female dog,ماده سگ
,bellen,,,v,bark,پارس کردن
der,Kater,Kater,Kater,,male cat,گربه نر
die,Katze,n,Katzen,,cat,گربه
das,Kätzchen,Kätzchen,Kätzchen,,kitten,بچه گربه
,miauen,,,v,meow,میو میو کردن (صدای گربه)
das,Küken,Küken,Küken,,chick,جوجه
der,Bulle,n,Bullen,,bull,گاو نر
die,Kuh,Kühe,Kühe,,cow,گاو ماده
das,Kalb,Kälber,Kälber,,calf,گوساله
,muhen,,,v,moo,ما ما کردن (صدای گاو)
das,Pferd,e,Pferde,,horse,اسب
,wiehern,,,v,neigh,شیهه کشیدن
das,Schaf,e,Schafe,,sheep,گوسفند
,blöken,,,v,bleating,بع بع کردن
das,Schwein,e,Schweine,,pig,خوک
,grunzen,,,v,grunt,غرغر کردن
die,Ziege,n,Ziegen,,goat,بز
,meckern,,,v,bleat,مع مع کردن
,fressen,,,v,eat,خوردن
die,Alp,en,Alpen,,alp,آلپ
die,Alm,en,Almen,,alpine pasture,مرتع آلپ
die,Anfrage,n,Anfragen,,inquiry,پرسش
der,Aspekt,e,Aspekte,,aspect,جنبه
der,Betreuer,Betreuer,Betreuer,,supervisor,سرپرست
die,Betreuerin,nen,Betreuerinnen,,supervisor,ناظر
die,Betreuung,en,Betreuungen,,care,مراقبت
,betreuen,,,v,look after,مراقبت کردن
die,Bewertung,en,Bewertungen,,evaluation,ارزیابی
,bewerten,,,v,evaluate,ارزیابی کردن
die,Bezahlung,en,Bezahlungen,,payment,پرداخت
die,Broschüre,n,Broschüren,,brochure,دفترچهٔ راهنما
die,Diskussion,en,Diskussionen,,discussion,بحث
der,Entschluss,Entschlüsse,Entschlüsse,,decision,تصمیم
die,Erwartung,en,Erwartungen,,expectation,انتظار
,erwarten,,,,expect,انتظار داشتن
der,Fachmann,Fachmänner,Fachmänner,,expert,كارشناس
die,Fachfrau,Fachfrauen,Fachfrauen,,expert,كارشناس
die,Fernsicht,,,,clear view,نمای واضح
der,Forst,e,Forste,,forest,جنگل
die,Freundschaft,en,Freundschaften,,friendship,دوستی
die,Handarbeit,,,,handmade,دست‌ساز
das/der,Hektar,,,,hectares,هکتار
die,Hütte,n,Hütten,,hut,کلبه
die,Kondition,,,,condition,وضعیت
die,Lebensart,,,,lifestyle,سبک زندگی
der,Quark,,,,quark,نوعی محصول لبنی
die,Renovation,en,Renovationen,,renovation,نوسازی
die,Renovierung,en,Renovierungen,,renovation,نوسازی
der,Strom,Ströme,Ströme,,electricity,برق
das,Taschengeld,er,Taschengelder,,pocket money,پول توجیبی
die,Unterbringung,en,Unterbringungen,,accommodation,اقامتگاه
,unterbringen,,,v,accommodate,جای دادن
die,Verarbeitung,en,Verarbeitungen,,processing,پردازش
,verarbeiten,,,v,process,پردازش کردن
die,Vermarktung,en,Vermarktungen,,marketing,بازاریابی
,vermarkten,,,v,market,به بازار عرضه کردن
die,Verpflegung,,,,catering,پذیرایی
,verpflegen,,,,provide food,پذیرایی کردن
die,Vollwertkost,-,-,,wholefood,غذاهای کامل
das,Vorbild,,,,example,نمونه
die,Vorkenntnis,se,Vorkenntnisse,,previous knowledge,پیش آگاهی
die,Zusammenarbeit,,,,cooperation,همکاری
der,Zusammenhang,Zusammenhänger,Zusammenhänger,,connection,اتصال
,arbeiten,,,v,work,كار كردن
,aufstehen,,,v,stand up,برخاستن
,auftreten,,,v,appear,پدیدار شدن
,bedenken,,,v,consider,در نظر گرفتن
,beurteilen,,,v,judge,داوری كردن
,durchstreichen,,,v,strikeout,خط زدن (نوشته)
,einsetzen,,,v,insert,درج کردن
,entschließen,,,v,decide,تصمیم گرفتن
,erhalten,,,v,receive,دریافت کردن
,erwerben,,,v,acquire,کسب کردن
,frieren,,,v,freeze,یخ زدن
,gewohnt sein,,,v,be used to,عادت کردن به
,leuchten,,,v,shine,درخشش
,mitarbeiten,,,v,collaborate,همکاری کردن
,pflegen,,,v,maintain,نگهداری کردن
,schweigen,,,v,be silent,ساكت شدن
,verlassen,,,v,leave,رها كردن
,zubereiten,,,v,prepare,آماده كردن
,dankbar,,,adj,thankful,سپاسگزار
,einwöchig,,,adj,weeklong,یک هفته ای
,giftig,,,adj,poisonous,سمی
,künstlich,,,adj,artificial,ساختگی
,ökonomisch,,,adj,economic,اقتصادی
,optimistisch,,,adj,optimistic,خوشبین
,steil,,,adj,steep,شیب تند
,möglichst,,,adv,if possible,در صورت امکان
,,,,,,
die,Begrüßung,en,Begrüßungen,,greeting,احوالپرسی
,begrüßen,,,,greet,سلام کردن
die,Geste,n,Gesten,,gesture,ژست
der,Handschlag,,,,handshake,دست دادن
die,Wange,n,Wangen,,cheek,گونه
der,Kuss,Küsse,Küsse,,kiss,بوسه
der,Wangenkuss,,,,cheek kiss,بوسه گونه
,küssen,,,,kiss,بوسیدن
das,Nicken,,,,nod,تکان سر
,nicken,,,,nod,سر تکان دادن
,zunicken,,,,nod,سر تکان دادن
die,Umarmung,en,Umarmungen,,hug,بغل کردن
,umarmung,,,,hug,بغل کردن
das,Winken,,,,waving,تکان دادن
,winken,,,,waving,تکان دادن
,zuwinken,,,,wave,موج
,ansprechen,,,,address,آدرس
,siezen,,,,formal address,آدرس رسمی
,duzen,,,,informal address,آدرس غیررسمی
der/das,Small Talk,s,Small Talks,,small talk,بحث کوچک
der,Ausdruck,,,,expression,بیان
,ausdrücken,,,,to express,بیان کردن
der,Begriff,e,Begriffe,,expression,بیان
der,Oberbegriff,,,,general term,اصطلاح عمومی
die,Korrektur,en,Korrekturen,,correction,اصلاح
die,Redewendung,en,Redewendungen,,idiom,اصطلاح
der,Schreibstil,e,Schreibstile,,writing style,سبک نوشتاری
die,Strategie,n,Strategien,,strategy,استراتژی
die,Struktur,en,Strukturen,,structure,ساختار
,wörtlich,,,,literally,به معنای واقعی کلمه
,nachschlagen,,,,look up,نگاه کردن
,übertragen,,,,transmitted,منتقل شده
die,Achtung,,,,danger,خطر
das,Alter,,,,old,قدیمی
der,Anlass,Anlässe,Anlässe,,occasion,مناسبت
der,Auszug,Auszüge,Auszüge,,abstract,انتزاعی
das/der,Blog,s,Blogs,,blog,بلاگ
das/der,Weblog,s,Weblogs,,weblog,وبلاگ
die,Distantz,en,Distantzen,,distance,فاصله
der,Doktor,en,Doktoren,,doctor,پزشک
die,Doktorin,nen,Doktorinnen,,doctor,دکتر
der,Empfang,Empfänge,Empfänge,,reception,پذیرش
die,Fortsetzung,en,Fortsetzungen,,continued,ادامه
die,Kälte,,,,cold,سرد
die,Leitung,,,,line,خط
der,Lerner,,,,learner,یادگیرنده
das,Meeting,s,Meetings,,meeting,جلسه
der,Mut,,,,courage,شجاعت
die,Panik,en,Paniken,,panic,وحشت
das,Pech,,,,bad luck,بدشانسی
das,Pfingsten,,,,pentecost,عید نزول روحالقدس بر رسولان عیسی
die,Position,en,Positionen,,position,موقعیت
der,Ratgeber,,,,counselor,مشاور
die,Religion,,,,religion,دین
der,Respekt,,,,respect,احترام
die,Schwierigkeit,en,Schwierigkeiten,,difficulty,دشواری
der,Sekt,e,Sekte,,sparkling wine,شراب گازدار
das,Tabu,s,Tabus,,taboo,تابو
der,Trend,s,Trends,,trend,روند
die,Umgangsform,en,Umgangsformen,,manners,آداب معاشرت
die,Ursache,n,Ursachen,,caused,باعث شد
das,Verständnis,,,,understanding,درک
das,Vertrauen,,,,trust,اعتماد
der/die,Vorgesetzte,n,Vorgesetzten,,supervisors,سرپرستان
die,Zuordnung,en,Zuordnungen,,assignment,تکلیف
,abhängen,,,,depend,بستگی دارد
,ärgern,,,,annoy,اذیت کردن
,beantworten,,,,answer,پاسخ
,begründen,,,,justify,توجیه کردن
,beherrschen,,,,command,فرمان
,beschäftigten,,,,employed,شاغل
,beschäftigt,,,,busy,مشغول
,erwarten,,,,expect,انتظار داشتن
,leiten,,,,lead,سرب
,schalten,,,,switch,سوئیچ
,sichern,,,,secure,امن
,üben,,,,practice,تمرین
,vergehen,,,,pass,عبور
,vermeiden,,,,avoid,اجتناب از
,akademisch,,,,academic,دانشگاهی
,angenehm,,,,pleasant,دلپذیر
,unangenehm,,,,unpleasant,ناخوشایند
,blumig,,,,flowery,گلدار
,deprimiert,,,,depressed,افسرده
,formell,,,,formally,رسماً
,informell,,,,informal,غیررسمی
,hochachtungsvoll,,,,respectfully,با احترام
,kritisch,,,,critical,بحرانی
,seltsam,,,,strange,عجیب و غریب
,vornehm,,,,elegant,زیبا
,vorzüglich,,,,excellent,عالی
,gegenseitig,,,,each other,یکدیگر
,kaum,,,,barely,به سختی
,teilweise,,,,partially,تا حدی
,überhaupt,,,,at all,اصلاً
,ungefähr,,,,approximately,تقریباً
,vergehen,,,,pass,عبور
,,,,,,
der,Arbeitgeber,Arbeitgeber,Arbeitgeber,,employer,کارفرما
die,Arbeitgeberin,nen,Arbeitgeberinnen,,employer,کارفرما
der,Arbeitnehmer,Arbeitnehmer,Arbeitnehmer,,employees,کارمندان
die,Arbeitnehmerin,nen,Arbeitnehmerinnen,,employee,کارمند
das,Verhältnis,se,Verhältnisse,,relationship,رابطه
das,Arbeitsverhältnis,se,Arbeitsverhältnisse,,employment contract,قرارداد کار
die,Arbeitszeit,en,Arbeitszeiten,,working hours,ساعات کاری
die,Kernarbeitszeit,en,Kernarbeitszeiten,,core working hours,ساعات کاری اصلی
die,Arbeitsstelle,n,Arbeitsstellen,,workplace,محل کار
die,Geschäftsführung,en,Geschäftsführungen,,management,مدیریت
die,Geschäftsleitung,en,Geschäftsleitungen,,management,مدیریت
die,GmbH,,,,Limited liability company,شرکت با مسئولیت محدود
,beschränkt,,,adj,limited,محدود
das,Gehalt,Gehälter,Gehälter,,salary,حقوق
der,Gehalt,Gehalte,Gehalte,,content,محتوا
der,Lohn,Löhne,Löhne,,wage,دستمزد
,netto,,,adj,net,خالص دریافتی
,brutto,,,adj,gross,ناخالص دریافتی
die,Kündigung,en,Kündigungen,,termination,فسخ قرارداد
,kündigen,,,v,terminate,فسخ کردن
die,Frist,en,Fristen,,deadline,مهلت
die,Kündigungsfrist,,,,notice period,مهلت فسخ قرارداد
der,Paragraph,,,,paragraph,بند
,unterschreiben,,,v,sign,امضأ كردن
,anstellen,,,v,hire,استخدام کردن
,beschäftigt,,,adj,busy,مشغول
,arbeiten,,,v,work,کار
,tätig,,,adj,active,فعال
,berufstätig,,,adj,employed,شاغل
das,Diplom,e,Diplome,,diploma,گواهینامه
die,Elektronik,en,Elektroniken,,electronics,الکترونیک
die,Mikroelektronik,en,Mikroelektroniken,,microelectronics,میکروالکترونیک
die,Technik,en,Techniken,,technology,فن
die,Technologie,n,Technologien,,technology,فن آوری
die,Informationstechnik,en,Informationstechniken,,information technology,فناوری اطلاعات
die,Mikrosystemtechnik,en,Mikrosystemtechniken,,microsystems technology,فناوری میکروسیستم‌ها
der,Hersteller,Hersteller,Hersteller,,manufacturer,تولیدکننده
das,Institut,e,Institute,,institute,موسسه
das,Unternehmen,Unternehmen,Unternehmen,,company,شرکت
das,Werk,e,Werke,,factory,کارخانه
das,Layout,s,Layouts,,layout,چیدمان
der,Prozess,e,Prozesse,,process,فرآیند
das,Passwort,Passwörter,Passwörter,,password,گذرواژه
der,Physiker,Physiker,Physiker,,physicist,فیزیکدان
die,Physikerin,nen,Physikerinnen,,physicist,فیزیکدان
der,Chip,s,Chips,,chip,تراشه
der,Mikrochip,s,Mikrochips,,microchip,ریزتراشه
der,Halbleiter,Halbleiter,Halbleiter,,semiconductor,نیمه رسانا
das,Silizium,-,-,,silicon,سیلیکون
die,Scheibe,n,Scheiben,,disc,دیسک
die,Siliziumscheibe,n,Siliziumscheiben,,silicon wafer,ویفر سیلیکونی
der,Wafer,Wafer,Wafer,,wafer,بیسکویت ویفر
die,Wartung,en,Wartungen,,maintenance,تعمیر و نگهداری
,verarbeiten,,,v,process,فرآیند
der,Anspruch,Ansprüche,Ansprüche,,claim,درخواست
der,Antrag,Anträge,Anträge,,application,کاربرد
der,Urlaubsantrag,Urlaubsanträge,Urlaubsanträge,,vacation request,درخواست مرخصی
das,Brett,er,Bretter,,board,تخته
das,Infobrett,er,Infobretter,,notice board,تابلوی اعلانات
die,Brille,n,Brillen,,glasses,عینک
die,Lesebrille,n,Lesebrillen,,reading glasses,عینک مطالعه
der,Dampfer,Dampfer,Dampfer,,steamboat,کشتی بخار
das,Einvernehmen,-,-,,agreement,توافق
die,Formulierung,en,Formulierungen,,formulation,دستور سازی
das,Freiluftkino,s,Freiluftkinos,,open-air cinema,سینمای روباز
die,Herkunft,Herkünfte,Herkünfte,,origin,خاستگاه
das,Intranet,s,Intranets,,intranet,اینترانت
die,Kooperation,en,Kooperationen,,cooperation,همکاری
der,Konsum,-,-,,consumption,مصرف
die,Korrespondenz,en,Korrespondenzen,,correspondence,نامه‌نگاری
die,Kraft,Kräfte,Kräfte,,power,قدرت
der,Krieg,e,Kriege,,war,جنگ
die,Kürze,-,-,,brief,مختصر
der,Laptop,s,Laptops,,laptop,لپ‌تاپ
der,Muttersprachler,Muttersprachler,Muttersprachler,,native speaker,گوینده بومی
die,Muttersprachlerin,nen,Muttersprachlerinnen,,native speaker,گوینده بومی
die,Nachfrage,n,Nachfragen,,demand,تقاضا
der,Sand,e,Sande,,sand,شن و ماسه
das,Satzzeichen,Satzzeichen,Satzzeichen,,sentence marks,علامت‌های جمله
das,Sekretariat,e,Sekretariate,,secretariat,دبیرخانه
der,Spitzname,n,Spitznamen,,nickname,لقب
der,Verwaltung,en,Verwaltungen,,administration,اداره
die,Wanderung,en,Wanderungen,,hike,پیاده‌روی
die,Wiederholung,en,Wiederholungen,,repetition,تکرار
die,Zusammenfassung,en,Zusammenfassungen,,summary,خلاصه
,achten,,,v,regard,توجه کردن
,auszahlen,,,v,pay out,پرداخت کردن
,beitragen,,,v,contribute,همکاری کردن
,durchlesen,,,v,read through,با دقت خواندن
,enthalten,,,v,contain,شامل بودن
,erfolgen,,,v,take place,برگزار شدن
,lassen,,,v,let,اجازه دادن
,nachstellen,,,v,readjust,دوباره تنظیم کردن
,qualifizieren,,,v,qualify,واجد شرایط بودن
,schlagen,,,v,hit,ضربه زدن
,sorgen,,,v,care for,از كسی مراقبت كردن
,testen,,,v,test,آزمودن
,verdecken,,,v,conceal,پنهان کردن
,vertreten,,,v,represent,جانشین بودن
,zerstören,,,v,destroy,نابود کردن
,ziehen,,,v,pull,کشیدن
,zukommen,,,v,to,نزدیک شدن
,zulassen,,,v,allow,اجازه دادن
,denkbar,,,adj,conceivable,قابل تصور
,hochmodern,,,adj,state-of-the-art,خیلی به روز
,individuell,,,adj,individual,فردی
,komplett,,,adj,complete,کامل
,schriftlich,,,adj,in written form,نوشته شده
,verantwortlich,,,adj,responsible,پاسخگو
,winzig,,,adj,tiny,ریز
,rund,,,adj,round,گرد
,beziehungsweise,,,conj,or rather,یا به عبارت دیگر
,im Folgenden,,,-,hereinafter,از این پس
,,,,,,
der,Zeitraum,Zeiträume,Zeiträume,,period,دوره
der,Kurfürst,en,Kurfürsten,,elector,انتخابگر
die,Krönung,en,Krönungen,,coronation,تاجگذاری
,krönen,,,v,crown,تاجگذاری کردن
die,Revolution,en,Revolutionen,,revolution,انقلاب
die,Industrielle Revolution,-,-,,industrial revolution,انقلاب صنعتی
der,Nationalstaat,en,Nationalstaaten,,nation state,دولت-ملت
die,Hauptstadt,Hauptstädte,Hauptstädte,,capital city,پایتخت
die,Weltwirtschaftskrise,n,Weltwirtschaftskrisen,,global economic crisis,بحران اقتصادی جهانی
die,Macht,Mächte,Mächte,,power,قدرت
die,Machtübernahme,n,Machtübernahmen,,seizure of power,به دست گرفتن قدرت
der,Nationalsozialist,en,Nationalsozialisten,,national socialist,عضو حزب نازی آلمان
die,Nationalsozialistin,nen,Nationalsozialistinnen,,national socialist,عضو حزب نازی آلمان
die,Trümmer,n,Trümmern,,debris,آوار
die,Zerstörung,en,Zerstörungen,,destruction,تخریب
das,Opfer,Opfer,Opfer,,sacrifice,قربانی
die,Flucht,en,Fluchten,,escape,فرار
,fliehen,,,v,flee,فرار کردن
,fangen,,,v,catch,گرفتن
,umkommen,,,v,perish,هلاک شدن
der,Alliierte,n,Alliierten,,allies,متفقین
der,Sektor,en,Sektoren,,sector,بخش
die,Berliner Mauer,-,-,,berlin wall,دیوار برلین
der,Eiserne Vorhang,,,,iron curtain,پرده آهنین
die,Teilung,en,Teilungen,,division,تقسیم
der,Mauerfall,-,-,,fall of the berlin wall,سقوط دیوار برلین
die,Wende,n,Wenden,,turn,چرخش گاه
die,Vereinigung,en,Vereinigungen,,association,انجمن
die,Wiedervereinigung,en,Wiedervereinigungen,,reunion,بازدیدار
,vereinigen,,,v,unite,هم پیمان شدن
,wiedervereinigen,,,v,reunite,دوباره هم پیمان شدن
der,Bundestag,e,Bundestage,,federal parliament,مجلس فدرال آلمان
die,Religion,en,Religionen,,religion,دین
der,Glaube,-,-,,believe,باور
der,Buddhismus,-,-,,buddhism,بودیسم
der,Buddhist,en,Buddhisten,,buddhist,مرد بودایی
die,Buddhistin,nen,Buddhistinnen,,buddhist woman,زن بودایی
,buddhistisch,,,adj,buddhist,بودایی
der,Tempel,Tempel,Tempel,,temple,معبد
das,Christentum,-,-,,christianity,مسیحیت
der,Christ,en,Christen,,christian,مسیحی
die,Christin,nen,Christinnen,,christian,مسیحی
der,Protestant,en,Protestanten,,protestant,پروتستان
die,Protestantin,nen,Protestantinnen,,protestant,پروتستان
,christlich,-,-,adj,christian,مسیحی
die,Kirche,n,Kirchen,,church,کلیسا
der,Islam,-,-,,islam,اسلام
,islamisch,-,-,adj,islamic,اسلامی
der,Muslim,s,Muslims,,muslim,مرد مسلمان
die,Muslimin,nen,Musliminnen,,muslim woman,زن مسلمان
die,Muslima,s,Muslimas,,muslim woman,زن مسلمان
,muslimisch,,,adj,muslim,مسلمان
die,Moschee,n,Moscheen,,mosque,مسجد
der,Hinduismus,-,-,,hinduism,هندوئیسم
der,Hindu,s,Hindus,,hindu,هندو
die,Hindufrau,en,Hindufrauen,,hindu woman,زن هندو
,hinduistisch,-,-,adj,hindu,هندو
das,Judentum,-,-,,judaism,یهودیت
der,Jude,n,Juden,,jew,یهودی
die,Jüdin,nen,Jüdinnen,,jewish woman,زن یهودی
,jüdisch,,,adj,jewish,یهودی
die,Synagoge,n,Synagogen,,synagogue,کنیسه
die,Elektrizität,-,-,,electricity,برق
das,Elektrizitätswerk,e,Elektrizitätswerke,,power plant,نیروگاه
,elektrisch,-,-,adj,electric,برقی
das,Netz,e,Netze,,network,شبکه
,ins Netz gehen,,,,go online,آنلاین شدن
die,Erzählung,en,Erzählungen,,narrative,بازگفت
die,Figur,en,Figuren,,figure,پیکر
die,Hauptfigur,en,Hauptfiguren,,main character,چهره اصلی
die,Lektüre,n,Lektüren,,reading,خواندن
der,Schriftsteller,Schriftsteller,Schriftsteller,,writer,نویسنده
die,Schriftstellerin,nen,Schriftstellerinnen,,writer,نویسنده
die,Strophe,n,Strophen,,stanza,بند شعر
der,Babysitter,Babysitter,Babysitter,,baby-sitter,پرستار بچه
die,Babysitterin,nen,Babysitterinnen,,babysitter,پرستار بچه
der,Basar,e,Basare,,bazaar,بازار
das,Blut,-,-,,blood,خون
die,Blüte,n,Blüten,,blossom,شکوفه
die,Blütezeit,en,Blütezeiten,,hayday,دوران شکوفایی
die,Blütezeit,en,Blütezeiten,,flowering time,زمان گلدهی
der,Boom,s,Booms,,boom,جهش اقتصادی
der,Charme,-,-,,charm,گیرایی
das,Denkmal,Denkmäler,Denkmäler,,monument,بنای یادبود
die,Dokumentation,en,Dokumentationen,,documentation,سند
die,Dramaturgie,n,Dramaturgien,,dramaturgy,نمایش پردازی
die,Gedenkstätte,n,Gedenkstätten,,memorial,یادبود
der,Drink,s,Drinks,,drink,نوشیدنی
die,Entdeckung,en,Entdeckungen,,discovery,کشف
der,Erfinder,Erfinder,Erfinder,,inventor,مخترع
die,Erfinderin,nen,Erfinderinnen,,inventor,مخترع
die,Galerie,n,Galerien,,gallery,نگار خانه
der,Graffito,,,,graffiti,گرافیتی
die,Graffiti,,,,graffiti,گرافیتی
der,Imbiss,e,Imbisse,,snack,میان وعده
das,Jahrzehnt,e,Jahrzehnte,,decade,دهه
der,Kindergarten,Kindergärten,Kindergärten,,kindergarten,مهدکودک
der,Konsument,en,Konsumenten,,consumer,مصرف کننده
die,Konsumentin,nen,Konsumentinnen,,consumer,مصرف کننده
die,Krise,n,Krisen,,crisis,بحران
die,Mauer,n,Mauern,,wall,دیوار
der,Nobelpreis,e,Nobelpreise,,nobel prize,جایزه نوبل
der,Nobelpreisträger,Nobelpreisträger,Nobelpreisträger,,nobel laureate,برنده جایزه نوبل
die,Nobelpreisträgerin,nen,Nobelpreisträgerinnen,,nobel laureate,برنده جایزه نوبل
der,Palast,Paläste,Paläste,,palace,کاخ
der,Ruhm,-,-,,fame,شهرت
das,Sauerkraut,-,-,,sauerkraut,کلم ترش
das,Eisbein,e,Eisbeine,,pickled knuckle of pork,پای خوک پخته یا دودی
das,Schicksal,e,Schicksale,,fate,سرنوشت
die,Staatsbürgerschaft,en,Staatsbürgerschaften,,citizenship,شهروندی
der,Swimmingpool,s,Swimmingpools,,swimming pool,استخر شنا
die,Tarnung,en,Tarnungen,,camouflage,استتار
der,Toningenieur,e,Toningenieure,,sound engineer,مهندس صدا
die,Toningenieurin,nen,Toningenieurinnen,,sound engineer,مهندس صدا
das,Ufo,s,Ufos,,ufo,یوفو
der,Verlust,e,Verluste,,loss,ضرر
die,Volkshochschule,n,Volkshochschulen,,adult education center,مرکز آموزش بزرگسالان
der,Vorhang,Vorhänge,Vorhänge,,curtain,پرده
die,Vorstadt,Vorstädte,Vorstädte,,suburb,حومه شهر
die,Wahrheit,en,Wahrheiten,,truth,حقیقت
die,Wirklichkeit,en,Wirklichkeiten,,reality,واقعیت
der,Zahn,Zähne,Zähne,,tooth,دندان
der,Zement,e,Zemente,,cement,سیمان
der,Zuzug,Zuzüge,Zuzüge,,immigration,مهاجرت
,anziehen,,,v,put on,پوشیدن
,bemalen,,,v,paint,رنگ کردن
,betreiben,,,v,operate,به‌کارانداختن
,boomen,,,v,boom,رونق گرفتن
,einbilden,,,v,imagine,پنداشتن
,einmauern,,,v,wall in,دیوار کشی
,einwandern,,,v,immigrate,مهاجرت کردن
,entpuppen,,,v,turn out,بیرون آمدن
,erfinden,,,v,invent,اختراع کردن
,erweisen,,,v,prove,ثابت کردن
,gehören,,,v,belong,تعلق داشتن
,gelten,,,v,to be valid,ارزش داشتن
,herrschen,,,v,rule,فرمانروایی کردن
,herumlaufen,,,v,run around,پرسه زدن
,rumlaufen,,,v,run around,پرسه زدن
,hochlegen,,,v,relax,استراحت کردن
,lüften,,,v,ventilate,هوا دادن
,mitsingen,,,v,sing along,هم خوانی کردن
,renovieren,,,v,renovate,نوسازی کردن
,relaxen,,,v,relax,آرام گرفتن
,sprühen,,,v,spray,افشاندن
,tarnen,,,v,camouflage,پوشاندن
,umbauen,,,v,rebuild,باز ساختن
,verbergen,,,v,hide,پنهان کردن
,verhelfen,,,v,help,زمینه ساز شدن
,verschlagen,,,adj,cunning,حیله گر
,vervielfachen,,,v,multiply,چندین برابر شدن
,verwildern,,,v,become feral,از تمدن دور شدن
,vorbeifahren,,,v,drive past,با وسیله نقلیه از کنار چیزی گذشتن
,wenden,,,v,turn around,برگرداندن
,wiedererkennen,,,v,recognize,بازشناختن
,zementieren,,,v,cement,سیمان کاری کردن
,augenscheinlich,,,adj,evident,آشکار
,bemerkenswert,,,adj,remarkable,چشمگیر
,chaotisch,,,adj,chaotic,هرج و مرج
,eifrig,,,adj,eager,مشتاق
,einheimisch,,,adj,indigenous,بومی
,geheimnisvoll,,,adj,mysterious,مرموز
,geistig,,,adj,mental,ذهنی
,identisch,,,adj,identical,یکسان
,rasch,,,adj,quick,تند
,sehenswert,,,adj,worth seeing,دیدنی
,sogenannt,,,adj,so-called,به اصطلاح
,spontan,,,adj,spontaneous,خودجوش
,tatsächlich,,,adj,actual,واقعی
,tatsächlich,,,adv,actually,در واقع
,tolerant,,,adj,tolerant,بردبار
,unverfälscht,,,adj,unadulterated,بی آلایش
,vorstellbar,,,adj,conceivable,قابل تصور
,vor Kurzem,,,adv,recently,به تازگی
,innerhalb,,,prep,within,درون
,mitten,,,adv,in the middle,در وسط
,während,,,conj,while,در حالی که
,so tun,,,v,pretend,وانمود کردن
,,,,,,
,auswandern,,,v,emigrate,مهاجرت کردن از
,einwandern,,,v,immigrate,مهاجرت کردن به
die,Auswanderung,en,Auswanderungen,,emigration,مهاجرت
die,Einwanderung,en,Einwanderungen,,immigration,مهاجرت
der,Auswanderer,Auswanderer,Auswanderer,,emigrant,مهاجر
die,Auswanderin,nen,Auswanderinnen,,emigrant,مهاجر
der,Einwanderer,Einwanderer,Einwanderer,,emigrant,مهاجر
die,Einwanderin,nen,Einwanderinnen,,immigrant,مهاجر
der/die,Auslandstätige,n,Auslandstätigen,,expatriate staff,کارکنان فرستاده شده به کشورهای دیگر
der/die,Inlandstätige,n,Inlandstätigen,,Local staff,کارکنان درون کشور
die,Ausreise,n,Ausreisen,,departure,عزیمت
die,Einreise,n,Einreisen,,entry,ورود
das,Zielland,Zielländer,Zielländer,,destination country,کشور مقصد
das,Arbeitsleben,-,-,,working life,زندگی کاری
die,Aufenthaltsgenehmigung,en,Aufenthaltsgenehmigungen,,residence permit,اجازه اقامت
die,Rückkehr,-,-,,return,بازگشت
der,Rückkehrer,Rückkehrer,Rückkehrer,,returnee,بازگشت کننده
die,Rückkehrerin,nen,Rückkehrerinnen,,returnee,بازگشت کننده
,zurückkehren,,,v,return,بازگشت
,weiterwandern,,,v,continue hiking,ادامه دادن به پیاده‌روی
der,Flüchtling,e,Flüchtlinge,,refugee,پناهنده
das,Heimatland,Heimatländer,Heimatländer,,home country,میهن
das,Heimweh,-,-,,homesickness,دلتنگی برای خانه
,Heimweh haben,,,v,to be homesickness,دلتنگ بودن برای خانه
das,Olympia,-,-,,olympics,المپیک
die,Schanze,n,Schanzen,,ski jump,سکوی پرش اسکی
die,Sprungschanze,n,Sprungschanzen,,ski jump,سکوی پرش اسکی
das,Skispringen,,,,ski jumping,پرش با اسکی
das,Stadion,Stadien,Stadien,,stadium,ورزشگاه
das,Diagramm,e,Diagramme,,chart,نمودار
das,Balkendiagramm,e,Balkendiagramme,,bar chart,نمودار میله‌ای
das,Liniendiagramm,e,Liniendiagramme,,line chart,نمودار خطی
die,Säulendiagramm,e,Säulendiagramme,,column chart,نمودار ستونی
die,Tortendiagramm,e,Tortendiagramme,,pie chart,نمودار دایره‌ای
,Grafik,en,en,,chart,نمودار
,Hälfte,n,n,,half,نیم
,ein/zwei Drittel,,,,one/two thirds,یک/دو سوم
,ein/zwei/drei Viertel,,,,one/two/three quarters,یک/دو/سه چهارم
die,ein/zwei/drei/vier Fünftel,,,,one/two/three/four fifths,یک/دو/سه/چهار پنجم
die,doppelt / dreifach / vierfach / …,,,,double / triple / quadruple / …,دو برابر / سه برابر / چهار برابر / …
die,Absicherung,en,Absicherungen,,protection,نگهداری
der,Absicht,en,Absichten,,intention,خواست
die,Armut,-,-,,poverty,تنگدستی
der,Aussicht,en,Aussichten,,outlook,چشم‌انداز
das,Rundblick,e,Rundblicke,,panoramic view,نما گسترده
der,Befragung,en,Befragungen,,survey,نظرسنجی
der,Bogen,Bogen,Bogen,,bow,کمان
die,Torbogen,Torbogen,Torbogen,,archway,طاق‌نما
das,Bürokratie,n,Bürokratien,,bureaucracy,دیوان سالاری
das,Chance,n,Chancen,,chance,شانس
das,Risiko,Risiken,Risiken,,risk,ریسک
das,Einkaufsbummel,Einkaufsbummel,Einkaufsbummel,,shopping tour,خرید گردی
die,Fachkraft,Fachkräfte,Fachkräfte,,skilled worker,کارگر ماهر
der,Gebirge,Gebirge,Gebirge,,mountains,کوهستان
die,Gesetz,e,Gesetze,,law,قانون
das,Gewerbe,Gewerbe,Gewerbe,,business,کسب و کار
der,Gastgewerbe,Gastgewerbe,Gastgewerbe,,hospitality industry,پیشه مهمانداری
die,Herausforderung,en,Herausforderungen,,challenge,چالش
das,Kaiser,Kaiser,Kaiser,,emperor,امپراتور
die,Klarheit,en,Klarheiten,,clarity,روشنی
die,Klima,ta,Klimata,,climate,آب و هوا
die,Koch,Köche,Köche,,cook,آشپز
der,Köchin,nen,Köchinnen,,cook,آشپز
der,Kupfer,-,-,,copper,مس
der,Lebenshaltung,en,Lebenshaltungen,,cost of living,هزینه زندگی
das,Lebenshaltungskosten,-,-,,cost of living,هزینه زندگی
die,Lehrgang,Lehrgänge,Lehrgänge,,course,دوره
die,Aufbaulehrgang,Aufbaulehrgänge,Aufbaulehrgänge,,advanced training course,دوره آموزشی پیشرفته
die,Lohn,Löhne,Löhne,,salary,حقوق
das,Niveau,s,Niveaus,,level,"تراز،پایه،جایگاه"
die,Pforte,n,Pforten,,gate,دروازه
der,Triumph,e,Triumphe,,triumph,پیروزی
die,Triumphpforte,n,Triumphpforten,,triumphal arch,طاق پیروزی
,Skandinavien,s,s,,scandinavia,اسکاندیناوی
der,Umstand,Umstände,Umstände,,circumstance,چگونگی
die,Vermutung,en,Vermutungen,,assumption,پنداشت
die,Zuversicht,-,-,,confidence,خودباوری
,aufklären,,,v,explain,روشنگری کردن
,in Auftrag geben,,,v,commission,گماشتن
,erbauen,,,v,build,ساختن
,erhoffen,,,v,hope,امید داشتن
,gelangen,,,v,reach,رسیدن
,gelingen,,,v,succeed,موفق شدن
,halten,,,v,hold,نگه داشتن
,liefern,,,v,delivery,رساندن
,Mut machen,,,v,encourage,دلگرمی دادن
,reizen,,,v,irritate,برانگیختن
,stellen,,,v,place,گذاشتن
,vermissen,,,v,miss,از دست دادن
,weiterarbeiten,,,v,continue working,ادامه دادن به کار
,weitererzählen,,,v,retell,بازگفتن
,vergolden,,,v,gild,زرکاری کردن
,aufregend,,,adj,exciting,شورانگیز
,bürokratisch,,,adj,bureaucratic,دیوان سالارانه
,festgefahren,,,adj,stuck,گیر کرده
,konkret,,,adj,concrete,واقعی
,mittelalterlich,,,adj,medieval,قرون وسطی
,gotisch,,,adj,gothic,گوتیک
,mobil,,,adj,mobile,جابه جاشونده
,relativ,,,adj,relative,کمابیش
,sichtbar,,,adj,visible,آشکار
,speziell,,,adj,special,ویژه
,umfassend,,,adj,comprehensive,جامع
,weitreichend,,,adj,far-reaching,دور از دسترس
,willig,,,adj,willing,گراینده
,anfangs,,,adv,initially,در ابتدا
,einst,,,adv,once,یکبار
,woanders,,,adv,elsewhere,در جای دیگر
,per,,,prep,by,بدست
,via,,,prep,via,از راه
,schon,,,adv,already,پیش تر
,wohl,,,adv,probably,احتمالاً
,,,,,,
das,System,e,Systeme,,system,سامانه
die,Staatsform,en,Staatsformen,,form of government,روشِ کشورداری
die,Demokratie,en,Demokratieen,,democracy,دمکراسی (مردم سالاری)
der,Bund,,,,federal,فدرال (هم پیمانی)
die,Republik,en,Republiken,,republic,جمهوری (همگانی سالاری)
die,Bundesrepublik,-,-,,federal republic,جمهوری فدرال
der,Staat,en,Staaten,,state,ایالت
der,Bundesstaat,en,Bundesstaaten,,federal state,ایالت فدرال
das,Rechtssystem,e,Rechtssysteme,,legal system,نظام حقوقی
das,Staatsorgan,e,Staatsorgane,,state body,نهاد کشورداری
der,Bundestag,e,Bundestage,,German Federal Parliament,مجلس فدرال آلمان
das,Parlament,e,Parlamente,,parliament,مجلس
die,Volksvertretung,en,Volksvertretungen,,people's representation,نمایندگی مردم
der,Repräsentant,en,Repräsentanten,,representative,نماینده
die,Repräsentantin,nen,Repräsentantinnen,,representative,نماینده
das,Kabinett,e,Kabinette,,cabinet,هيئت دولت (وزیرستان)
der,Minister,-,-,,minister,وزیر
die,Ministerin,nen,Ministerinnen,,minister,وزیر
der,Präsident,en,Präsidenten,,president,رئیس جمهور
die,Präsidentin,nen,Präsidentinnen,,president,رئیس جمهور
der,Bundestagspräsident,en,Bundestagspräsidenten,,president of the bundestag,رئیس مجلس فدرال (بوندستاگ)
die,Bundestagspräsidentin,nen,Bundestagspräsidentinnen,,president of the bundestag,رئیس مجلس فدرال (بوندستاگ)
das,Staatsoberhaupt,-,-,,head of state,رئیس دولت
die,Versammlung,en,Versammlungen,,assembly,مونتاژ
die,Sitzung,en,Sitzungen,,meeting,جلسه
das,Gesetz,e,Gesetze,,law,قانون
der,Gesetzgeber,-,-,,legislator,قانونگذار
der,Gesetzesvorschlag,e,Gesetzesvorschlage,,bill proposal,پیشنهاد لایحه
das,Grundgesetz,,,,basic law,قانون اساسی
das,Referat,e,Referate,,presentation,ارائه
die,Handreichung,en,Handreichungen,,handout,جزوه
die,Verfassung,en,Verfassungen,,constitution,قانون اساسی
das,Gericht,e,Gerichte,,court,دادگاه
das,Bundesverfassungsgericht,-,-,,federal constitutional court,دادگاه قانون اساسی فدرال
die,Wahl,en,Wahlen,,choice,انتخاب
die,Bundestagswahl,-,-,,federal election,انتخابات فدرال
die,Mehrheit,en,Mehrheiten,,majority,بیشترین
die,Verhältniswahl,en,Verhältniswahlen,,proportional representation,ساختار نمایندگی هم سنج
der,Wähler,-,-,,voter,رای دهنده
die,Wählerin,nen,Wählerinnen,,voter,رأی دهنده
der,Stammwähler,-,-,,core voter,رای دهنده وفادار
die,Stammwählerin,nen,Stammwählerinnen,,core voter,رای دهنده وفادار
der,Wechselwähler,-,-,,floating voter,رأی‌دهنده شناور
die,Wechselwählerin,nen,Wechselwählerinnen,,floating voter,رأی‌دهنده شناور
die,Partei,en,Parteien,,party,حزب (باهَماد)
der,Kandidat,en,Kandidaten,,candidate,نامزد
die,Kandidatin,nen,Kandidatinnen,,candidate,نامزد
die,Landesliste,n,Landeslisten,,state list,فهرست ایالتی حزب در انتخابات فدرال
der,Wahlzettel,-,-,,ballot paper,برگه رای
die,Stimme,n,Stimmen,,vote,رای
die,Abgeordnete,n,Abgeordneten,,member of parlement,نماینده مجلس
der,Sitz,e,Sitze,,seat,صندلی
die,Verteilung,en,Verteilungen,,distribution,توزیع
die,Fraktion,en,Fraktionen,,fraction,گروه پارلمانی
die,Koalition,en,Koalitionen,,coalition,ائتلاف
die,Klausel,n,Klauseln,,clause,بند
die,Wahlpflicht,,,,elective obligation,تعهد انتخابی
die,Abbildung,en,Abbildungen,,illustration,تصویرسازی
die,Quellenangabe,n,Quellenangaben,,reference,منبع
der,Verfasser,-,-,,writer,نویسنده
die,Verfasserin,nen,Verfasserinnen,,author,نویسنده
der,Zuhörer,-,-,,listener,شنونده
die,Zuhörerin,nen,Zuhörerinnen,,listener,شنونده
die,Änderung,en,Änderungen,,change,تغییر
die,Aufmerksamkeit,,,,attention,توجه
der,Befragte,n,Befragten,,respondent,پاسخ دهنده
das,Bürgerrecht,e,Bürgerrechte,,civil right,حق شهروندی
die,Energie,n,Energien,,energy,انرژی
die,Entscheidung,en,Entscheidungen,,decision,تصمیم
der,Gedanke,n,Gedanken,,thought,فکر
die,Anzahl,,,,number,شماره
die,Gewalt,en,Gewalten,,violence,خشونت
die,Initiative,n,Initiativen,,initiative,ابتکار عمل
die,Kohle,n,Kohlen,,coal,زغال
der,Kommentar,e,Kommentare,,comment,نظر
der,Kompromiss,e,Kompromisse,,compromise,سازش
das,Lexikon,Lexika,Lexika,,dictionary,فرهنگ لغت
die,Mischung,en,Mischungen,,mixture,مخلوط
die,Mitwirkung,en,Mitwirkungen,,participation,مشارکت
das,Muster,-,-,,pattern,الگو
das,Prinzip,ien,Prinzipien,,principle,اصل
die,Richtlinie,n,Richtlinien,,guideline,راهنما
die,Treue,,,,loyalty,وفاداری
die,Überzeugung,en,Überzeugungen,,conviction,محکومیت
die,Version,en,Versionen,,version,نسخه
die,Zusatzinformation,en,Zusatzinformationen,,additional information,اطلاعات تکمیلی
,aktualisieren,,,v,update,به روز رسانی کردن
,ändern,,,v,change,تغییر دادن
,ausformulieren,,,v,formulate,فرموله کردن
,bemühen,,,v,make an effort,تلاش کردن
,benennen,,,v,name,نامیدن
,beherrschen,,,v,command,فرمان دادن
,berühren,,,v,touch,لمس کردن
,besetzen,,,v,occupy,اشغال کردن
,"einigen, sich",,,v,agree,توافق کردن
,einsetzen,,,v,insert,درج کردن
,erläutern,,,v,explain,توضیح دادن
,hervorheben,,,v,point out,اشاره کردن
,klarmachen,,,v,make clear,روشن کردن
,mitwirken,,,v,participate,مشارکت کردن
,nachlesen,,,v,reread,مرور کردن
,nummerieren,,,v,number,شماره گذاری کردن
,richten,,,v,direct,مستقیم کردن
,stärken,,,v,strengthen,تقویت کردن
,streiten für + A,,,v,argue for + a,سر و کله زدن
,vereinfachen,,,v,simplify,ساده کردن
,verhindern,,,v,prevent,مانع شدن
,verteilen,,,v,distribute,توزیع کردن
,zustehen,,,v,to be entitled,حق داشتن
,absolut,,,adv,absolutely,کاملاً
,bestimmt,,,adv,certainly,قطعاً
,erneuerbar,,,adj,renewable,تجدیدپذیر
,erstklassig,,,adj,first-class,درجه یک
,geheim,,,adj,secret,محرمانه
,kraftvoll,,,adj,powerful,قدرتمند
,logisch,,,adj,logical,منطقی
,repräsentativ,,,adj,representative,نماینده
,treu,,,adj,faithful,وفادار
,undenkbar,,,adj,unthinkable,غیرقابل تصور
,unmittelbar,,,adj,direct,سرراست
,voraussichtlich,,,adj,expected,پیش‌بینی شده
,außen,,,adv,outside,بیرون
,diesmal,,,adv,this time,این بار
,jeweils,,,adv,respectively,به ترتیب
,statt,,,prep,instead of,به جای
,einen Ausblick geben,,,p,to give an outlook,برای ارائه چشم انداز
,einen Vergleich anstellen,,,p,make a comparison,مقایسه کنید
,zur Verfügung stehen,,,p,be available,در دسترس بودن
,,,,,,
die,Sprache,n,Sprachen,,language,زبان
die,Muttersprache,n,Muttersprachen,,mother tongue,زبان مادری
die,Fremdsprache,n,Fremdsprachen,,foreign language,زبان خارجی
die,Amtssprache,n,Amtssprachen,,official language,زبان رسمی
die,Verkehrssprache,n,Verkehrssprachen,,common language,زبان مشترک
die,Fachsprache,n,Fachsprachen,,technical language,زبان فنی
die,Sondersprache,n,Sondersprachen,,special language,زبان ویژه
die,Standardsprache,n,Standardsprachen,,standard language,زبان معیار
die,Umgangssprache,n,Umgangssprachen,,colloquial language,زبان محاوره‌ای
die,Regionalsprache,n,Regionalsprachen,,regional language,زبان منطقه‌ای
der,Sprecher,Sprecher,Sprecher,,speaker,گوینده
die,Sprecherin,nen,Sprecherinnen,,speaker,گوینده
der,Großsprecher,Großsprecher,Großsprecher,,braggart,لاف زن
die,Schicht,en,Schichten,,layer,لایه
die,Schicht,en,Schichten,,work shift,نوبت کاری
der,Dialekt,e,Dialekte,,dialect,گویش
die,Aussprache,n,Aussprachen,,pronunciation,بیان
die,Grammatik,en,Grammatiken,,grammar,دستور زبان
die,Rechtschreibung,en,Rechtschreibungen,,spelling,املا
die,Schreibweise,n,Schreibweisen,,spelling,املا
die,Wendung,en,Wendungen,,turn,چرخش
das,Wort,Wörter,Wörter,,word,واژه
das,Lehrwort,Lehrwörter,Lehrwörter,,teaching word,واژه آموزشی
das,Fremdwort,Fremdwörter,Fremdwörter,,foreign word,واژه خارجی
der,Internationalismus,Internationalismen,Internationalismen,,internationalism,بین‌الملل‌گرایی
das,Wortfeld,er,Wortfelder,,semantic field,میدان معنایی
das,Synonym,e,Synonyme,,synonym,مترادف
die,Vokabel,n,Vokabeln,,word,واژه
das,Vokabelheft,e,Vokabelhefte,,vocabulary notebook,دفترچه واژه ها
die,Ebene,n,Ebenen,,level,سطح
der,Zweig,e,Zweige,,branch,شاخه
die,Übersetzung,en,Übersetzungen,,translation,ترجمه
die,Bezeichnung,en,Bezeichnungen,,designation,نام گذاری
die,Minderheit,en,Minderheiten,,minority,اقلیت
die,Mehrheit,en,Mehrheiten,,majority,اکثریت
die,Lyrik,-,-,,poetry,شعر
die,Poesie,n,Poesien,,poetry,شعر
die,Anordnung,en,Anordnungen,,arrangement,ترتیب
die,Anthologie,n,Anthologien,,anthology,گلچین
der,Herausgeber,Herausgeber,Herausgeber,,editor,ویراستار
die,Herausgeberin,nen,Herausgeberinnen,,editor,ویراستار
die,Publikation,en,Publikationen,,publication,انتشار
der,Kritiker,Kritiker,Kritiker,,critic,منتقد
die,Kritikerin,nen,Kritikerinnen,,critic,منتقد
der,Fortschritt,e,Fortschritte,,progress,پیشرفت
die,Gegenwart,en,Gegenwarten,,present,زمان حال
der,Gegensatz,Gegensätze,Gegensätze,,contrast,نقطه مقابل
das,Geräusch,e,Geräusche,,noise,سر و صدا
der,Germane,n,Germanen,,germanic,ژرمنی
der,Impressionismus,-,-,,impressionism,امپرسیونیسم
der,Jäger,Jäger,Jäger,,hunter,شکارچی
die,Jägerin,nen,Jägerinnen,,hunter,شکارچی
der,Jurist,en,Juristen,,lawyer,حقوقدان
die,Juristin,nen,Juristinnen,,lawyer,حقوقدان
der,Klang,Klänge,Klänge,,sound,صدا
der,Kohl,e,Kohle,,cabbage,کلم
die,Laune,n,Launen,,mood,خلق و خو
der,Leitartikel,Leitartikel,Leitartikel,,editorial,سرمقاله
die,Mappe,n,Mappen,,folder,پوشه
die,Matura,-,-,,high school diploma,دیپلم دبیرستان
der,Mitbürger,Mitbürger,Mitbürger,,fellow citizen,همشهری
die,Mitbürgerin,nen,Mitbürgerinnen,,fellow citizen,همشهری
das,Mittelalter,-,-,,medieval times,قرون وسطی
die,Motivation,en,Motivationen,,motivation,انگیزه
die,Nationalökonomie,n,Nationalökonomien,,national economics,اقتصاد ملی
die,Statistik,en,Statistiken,,statistics,آمار
der,Übergang,Übergänge,Übergänge,,transition,گذار
die,Vielzahl,-,-,,plurality,بسیاری
die,Violine,n,Violinen,,violin,ویولن
,anpassen,,,v,adjust,سازگار کردن
,aufbewahren,,,v,keep,نگهداری کردن
,bedienen,,,v,serve,پذیرایی کردن
,beeinflussen,,,v,influence,نفوذ داشتن
,behalten,,,v,keep,نگه داشتن
,bezeichnen,,,v,describe,توصیف کردن
,blühen,,,v,bloom,شکوفه کردن
,darstellen,,,v,represent,نشان دادن
,einsteigen,,,v,get in,وارد شدن
,entsinnen,,,v,remember,به یاد آوردن
,erscheinen,,,v,appear,ظاهر شدن
,gedenken,,,v,commemorate,بزرگداشت
,lehren,,,v,teach,آموزش دادن
,mischen,,,v,mix,مخلوط کردن
,vermischen,,,v,mix,مخلوط کردن
,schwerfallen,,,v,to be difficult,دشوار بودن
,unterscheiden,,,v,differentiate,تمایز قائل شدن
,vortragen,,,v,present,ارائه کردن
,vorlesen,,,v,read aloud,با صدای بلند خواندن
,wehen,,,v,blow,دمیدن
,verwehen,,,v,blow away,با باد پراکنده شدن
,wegnehmen,,,v,take,برداشتن
,weiterlernen,,,v,continue learning,یادگیری را ادامه دادن
,weiterzahlen,,,v,continue paying,پرداخت را ادامه دادن
,zählen,,,v,to count,شمردن
,zurückzählen,,,v,count down,وارونه شمردن
,fein,,,adj,fine,خوب
,stockfrisch,,,adj,brand new,یکسره نو
,gehoben,,,adj,elevated,باشکوه
,haptisch,,,adj,haptic,لمسی
,hauptsächlich,,,adj,primarily,بنیادی
,mündlich,,,adj,orally,گفتاری
,schriftlich,,,adj,written,نوشتاری
,rot,,,adj,red,قرمز
,pantomimisch,,,adj,pantomime,اشاره بازی
,ständig,,,adj,constant,پایدار
,wach,,,adj,awake,بیدار
,einerseits,,,adv,on the one hand,از یک طرف
,andererseits,,,adv,on the other hand,از سوی دیگر
,daneben,,,adv,alongside,در کنار
,weitgehend,,,adj,extensive,گسترده
,aufgrund,,,adv,because of,بر اساس
,aufrecht,,,adj,upright,ایستاده
,außerhalb,,,prep,outside,بیرون
,innerhalb,,,prep,within,درون
,jedoch,,,adv,however,با این حال
,aufgrund dessen,,,p,as a result of this,در نتیجه این
,Bock haben,,,p,i'm up for it,من آماده‌ام برای این کار
,es geht,,,p,it works,پذیرفتنی است
,Ende,,,,end,پایان
