Artikel,Deutsch,Plural Suffix,Plural,Type,English,فارسی
,,,,,,
,Hallo,,,,hello,درود
,Guten Tag,,,,good day,روز خوش
,Guten Morgen,,,,good morning,بامداد خوش
,Guten Abend,,,,good evening,پسین خوش
,Gute Nacht,,,,good night,شب خوش
,Tschüss,,,,bye,بدرود
,Auf Wiedersehen,,,,goodbye,بدرود
die,Frau,en,Frauen,,woman,زن
der,Herr,en,Herren,,mister,آقا
der,Student,en,Studenten,,student,دانشجو
die,Studentin,nen,Studentinnen,,student,دانشجو
der,Praktikant,en,Praktikanten,,intern,کارآموز
die,Praktikantin,nen,Praktikantinnen,,intern,کارآموز
der,Sekretär,e,Sekretäre,,secretary,منشی
die,Sekretärin,nen,Sekretärinnen,,secretary,منشی
der,Partner,,,,partner,شریک
die,Partnerin,nen,Partnerinnen,,partner,شریک
die,Gruppe,n,Gruppen,,group,گروه
der,Kurs,e,Kurse,,course,دوره
der,Teilnehmer,,,,participant,شرکت‌کننده
die,Teilnehmerin,nen,Teilnehmerinnen,,participant,شرکت‌کننده
das,Team,s,Teams,,team,تیم
der,Name,n,Namen,,name,نام
der,Vorname,n,Vornamen,,first name,نام کوچک
der,Nachname,n,Nachnamen,,last name,نام خانوادگی
der,Familienname,n,Familiennamen,,surname,نام خانوادگی
,wohnen,,,v,reside,اقامت داشتن
die,Adresse,n,Adressen,,address,نشانی
die,Straße,n,Straßen,,street,خیابان
die,Nummer,n,Nummern,,number,شماره
die,Hausnummer,n,Hausnummern,,house number,شماره خانه
der,Wohnort,e,Wohnorte,,place of residence,محل سکونت
die,Postleitzahl,en,Postleitzahlen,,postal code,کد پستی
die,Stadt,Städte,,,city,شهر
die,Vorwahl,en,Vorwahlen,,phone prefix,پیش شماره تلفن
die,Telefonnummer,n,Telefonnummern,,telephone number,شماره تلفن
die,Handynummer,n,Handynummern,,mobile number,شماره موبایل
die,Mobilnummer,n,Mobilnummern,,mobile number,شماره موبایل
die,Mail,,,,mail,ایمیل
die,Nationalität,en,Nationalitäten,,nationality,ملیت
der,Beruf,e,Berufe,,profession,حرفه
die,Antwort,en,Antworten,,answer,پاسخ
,antworten,,,v,answer,پاسخ دادن
die,Frage,n,Fragen,,ask,پرسش
,fragen,,,v,questions,پرسش کردن
die,Sprache,n,Sprachen,,language,زبان
das,Alphabet,e,Alphabete,,alphabet,الفبا
der,Buchstabe,n,Buchstaben,,letter,واج
,buchstabieren,,,v,spell,واج گویی
der,Notizzettel,,,,piece of paper,برگه یادداشت
,notieren,,,v,note,"توجه کردن، یادداشت کردن"
das,Formular,e,Formulare,,form,فرم
der,Dialog,e,Dialoge,,dialog,دیالوگ
das,Gespräch,e,Gespräche,,conversation,مکالمه
das,Telefon,e,Telefone,,phone,تلفن
das,Telefongespräch,,,,telephone conversation,گفتگوی تلفنی
die,Zahl,en,Zahlen,,number,شماره
,zählen,,,v,to count,شمردن
,Afrika,,,,africa,آفریقا
,Amerika,,,,america,آمریکا
,Asien,,,,asia,آسیا
,Australien,,,,australia,استرالیا
,Europa,,,,europe,اروپا
,Deutschland,,,,germany,آلمان
,Deutsch,,,,german,زبان آلمانی
der,Deutscher,,,,german,ملیت آلمانی
die,Deutsche,,,,german,ملیت آلمانی
das,Foto,s,Fotos,,photo,عکس
die,Million,en,Millionen,,million,میلیون
die,Milliarde,n,Milliarden,,billion,میلیارد
,arbeiten,,,v,work,كار كردن
,begrüßen,,,v,greet,سلام کردن
,heißen,,,v,be called,نامیدن
,kommen,,,v,come,آمدن
,korrigieren,,,v,correct,درست کردن
,malen,,,v,paint,رنگ‌آمیزی
,passen,,,v,fit,اندازه بودن
,sammeln,,,v,collect,جمع‌آوری كردن
,sein,,,v,be,بودن
,tauschen,,,v,swap,جابجا کردن
,vorstellen,,,v,introduce,شناساندن
,haben,,,v,have,داشته باشند
,gut,,,adj,good,خوب
,neu,,,adj,new,جدید
,richtig,,,adj,correct,درست
,auch,,,,also,همچنین
,einmal,,,,once,یک بار
,noch,,,,still,هنوز
,zusammen,,,,together,با هم
,aus,,,,out of,خارج از
,in,,,,in,در
,wie,,,,how,چگونه
,wo,,,,where,کجا
,woher,,,,from where,از کجا؟
,Herzlich Willkommen,,,,welcome,خوش آمدید
,Freut mich,,,,Pleased to meet you,از دیدار شما خوشحالم
,viel Spaß,,,,have fun,خوش بگذره
der,Kontinent,e,Kontinente,,continent,قاره
das,Land,Länder,,,country,کشور
die,Verabschiedung,,,,farewell,خداحافظی
,gut,,,adj,good,خوب
das,Geschäft,,,,business,دادوستد
,bilden,,,v,form,ساختن
,schreiben,,,v,write,بنویس
das,Paar,e,Paare,,couple,زوج
,privat,,,,private,خصوصی
die,Tageszeit,en,Tageszeiten,,time of day,اوقات روز
der,Morgen,,,,morning,صبح
der,Vormittag,,,,late morning,پیش از ظهر
der,Nachmittag,,,,afternoon,بعد از ظهر
der,Abend,,,,evening,عصر
die,Nacht,,,,night,شب
,morgens,,,,morning,صبح‌ها
,vormittags,,,,morning,پیش از ظهرها
,mittags,,,,midday,ظهر
,nachmittags,,,,afternoon,بعد از ظهر
,abends,,,,at evening,عصر
,nachts,,,,at night,شب هنگام
der,Wochentag,,,,weekday,روز هفته
der,Montag,e,Montage,,monday,دوشنبه
der,Dienstag,e,Dienstage,,tuesday,سه‌شنبه
der,Mittwoch,e,Mittwoche,,wednesday,چهارشنبه
der,Donnerstag,e,Donnerstage,,thursday,پنجشنبه
der,Freitag,e,Freitage,,friday,جمعه
der,Samstag,e,Samstage,,saturday,شنبه
der,Sonntag,e,Sonntage,,sunday,یکشنبه
der,Monat,e,Monate,,month,ماه
der,Januar,e,Januare,,january,ژانویه
der,Februar,e,Februare,,february,فوریه
der,März,e,Märze,,march,مارس
der,April,e,Aprile,,april,آوریل
der,Mai,e,Maie,,may,مه
der,Juni,s,Junis,,june,ژوئن
der,Juli,s,Julis,,july,جولای
der,August,e,Auguste,,august,مرداد
der,September,-,,,september,سپتامبر
der,Oktober,-,,,october,اکتبر
der,November,-,,,november,نوامبر
der,Dezember,-,,,december,دسامبر
die,Jahreszeit,,,,season,فصل
der,Frühling,e,Frühlinge,,spring,بهار
der,Sommer,-,,,summer,تابستان
der,Herbst,e,Herbste,,autumn,پاییز
der,Winter,-,,,winter,زمستان
das,Datum,Daten,,,date,تاریخ
die,Zahl,en,Zahlen,,number,شماره
die,Jahreszahl,,,,year number,سال به عدد
die,Zeit,en,Zeiten,,time,زمان
die,Uhrzeit,,,,hour,ساعت
der,Kalender,-,,,calendar,تقویم
,,,,,,
der,Termin,e,Termine,,appointment,قرار ملاقات
der,Terminkalender,,,,the appointment calendar,تقویم قرار ملاقات
der,Tag,e,Tage,,day,روز
der,Feiertag,,,,holiday,تعطیلات
die,Woche,n,Wochen,,week,هفته
das,Wochenende,n,Wochenenden,,weekend,آخر هفته
der,Monat,e,Monate,,month,ماه
das,Jahr,e,Jahre,,year,سال
der,Anfang,,,,beginning,آغاز
das,Ende,,,,end,پایان
,heute,,,adv,today,امروز
,morgen,,,adv,tomorrow,فردا
die,Kultur,,,,culture,فرهنگ
das,Kino,s,Kinos,,cinema,سینما
der,Film,e,Filme,,film,فیلم
der,Actionfilm,,,,action film,فیلم اکشن
der,Kinofilm,,,,movie,فیلم
die,Ausstellung,en,Ausstellungen,,exhibition,نمایشگاه
das,Museum,Museen,,,museum,موزه
der,Band,Bände,,,publication group,گروه انتشارات
die,Band,s,Bands,,music band,گروه موسیقی
das,Band,Bänder,,,band,"نوار،روبان"
die,Musikgruppe,n,Musikgruppen,,music group,گروه موسیقی
das,Leid,er,Leider,,sorrow,غم و اندوه
,singen,,,v,sing,آواز خواندن
der,Gesang,e,Gesange,,singing,آواز
der,Chor,Chöre,,,choir,همسرایان
das,Konzert,e,Konzerte,,concert,کنسرت
die,CD,s,CDs,,cd,سی دی
der,Hit,s,Hits,,hit,آهنگ پرفروش روز
der,Stil,e,Stile,,style,آراستگی
das,Chanson,s,Chansons,,song,ترانه
der,Jazz,,,,jazz,جاز
die,Klassik,,,,classical,کلاسیک
die,Popmusik,,,,pop music,موسیقی پاپ
die,Rockmusik,,,,rock music,موسیقی راک
der,Urlaub,e,Urlaube,,vacation,تعطیلات
der,Ausflug,Ausfüge,,,excursion,گردش
,Urlaub machen,,,,to go on vacation,به تعطیلات رفتن
,in Urlaub fahren,,,,to go on vacation by vehicle,به تعطیلات رفتن با خودرو
,nach Hause fahren,,,,drive back home,به خانه برگشتن
der,Sport,,,,sport,ورزش
das,Cafe,s,Cafes,,cafe,قهوه‌خانه
das,Essen,-,,,food,خوراك
das,Restaurant,s,Restaurants,,restaurant,رستوران
das,Hotel,s,Hotels,,hotel,هتل
die,Kathedrale,n,Kathedralen,,cathedral,کلیسای جامع
der,Markt,Märkte,,,market,بازار
der,Park,s,Parks,,park,پارک
die,Natur,,,,nature,طبیعت
das,Wetter,,,,weather,آب و هوا
der,Regen,,,,rain,باران
die,Sonne,,,,sun,خورشید
das,Grad,e,Grade,,degree,مدرک
der,Chef,s,Chefs,,boss,رئیس
die,Chefin,nen,Chefinnen,,boss,رئیس
der,Direktor,en,Direktoren,,director,کارگردان
die,Direktorin,nen,Direktorinnen,,director,کارگردان
der,Flug,Flüge,,,flight,پرواز
der,Kollege,n,Kollegen,,colleague,همکار
die,Kollegin,nen,Kolleginnen,,colleague,همکار
die,Besprechung,en,Besprechungen,,meeting,نشست
die,Konferenz,,,,conference,همایش
die,Telefonkonferenz,,,,telephone conference,همایش تلفنی
das,Treffen,,,,meet,دیدار كردن
,blöd,,,,stupid,احمق
,super,,,,super,فوق العاده
,toll,,,,great,عالی
,interessant,,,,interesting,جالب
,langweilig,,,,boring,خسته کننده
,gut,,,,good,خوب
,schlecht,,,,bad,بد
,schön,,,,nice,خوب
,schrecklich,,,,terrible,وحشتناک
das,Auto,s,Autos,,car,ماشین
der,Beginn,,,,beginn,بگین
der,Freund,e,Freunde,,friend,دوست
die,Freundin,nen,Freundinnen,,girlfriend,دوست دختر
der,Friseur,e,Friseure,,barber,آرایشگر
die,Friseurin,nen,Friseurinnen,,hairdresser,آرایشگر
der,Geburtstag,e,Geburtstage,,birthday,تولد
der,Gruß,Grüße,,,greeting,احوالپرسی
die,Karte,n,Karten,,card,کارت
der,Mensch,en,Menschen,,person,شخص
die,Mutter,Mütter,,,mother,مادر
der,Vater,Väter,,,father,پدر
die,Öffnungszeit,en,Öffnungszeiten,,opening hours,ساعات کاری
das,Plakat,e,Plakate,,poster,آگهی دیواری
die,SMS,-,,,sms,پیامک
das,Tier,e,Tiere,,animal,حیوان
der,Zettel,-,,,piece of paper,تكه‌كاغذ
das,Verb,en,Verben,,verb,فعل
,beginnen,,,,start,آغاز کردن
,besuchen,,,,visit,بازدید کردن
,brauchen,,,,need,نیاز داشتن
,finden,,,,find,پیدا کردن
,funktionieren,,,,function,کار کردن
,geben,,,,give,دادن
,Es gibt,,,,there are,وجود دارد
,geboren sein,,,,to be born,به دنیا آمدن
,gehen,,,,go,رفتن
,gründen,,,,found,تاسیس کردن
,grüßen,,,,greet,سلام کردن
,haben,,,,have,داشته باشند
,kennen,,,,know,بدانید
,lernen,,,,learn,یاد گرفتن
,machen,,,,"make, do","كردن, ساختن, انجام دادن, درست كردن"
,planen,,,,plan,برنامه ریزی کردن
,präsentieren,,,,present,ارائه دادن
,produzieren,,,,produce,تولید كردن
,telefonieren,,,,make a phone call,تماس تلفنی برقرار کنید
,zeigen,,,,show,نشان دادن
,falsch,,,,incorrect,نادرست
,klein,,,,small,کوچک
,nett,,,,nice,خوش ایند
,populär,,,,popular,محبوب
,privat,,,,private,خصوصی
,sicher,,,,secure,امن
,teuer,,,,expensive,گران
,typisch,,,,typical,ساده
,erst,,,,first,یکم
,gern,,,,gladly,با کمال میل
,hoffentlich,,,,hopefully,امیدوارم
,leider,,,,unfortunately,متاسفانه
,noch,,,,still,هنوز
,schon,,,,already,پیش از این
,sehr,,,,very,خیلی
,am,,,,at,در
,im,,,,in the,در
,mit,,,,with,با
,nach,,,,after,بعد از
,seit,,,,since,از آنجایی که
,um,,,,to,به
,von,,,,from,از
,bis,,,,until,تا
,vom,,,,from the,از
,bis zum,,,,until,تا
,wer,,,,who,چه کسی
,was,,,,what,چه
,wann,,,,when,چه زمانی
die,Lust,,,,desire,میل
,,,,,,
das,Obst,,,,fruit,میوه
der,Apfel,Äpfel,,,apple,اپل
die,Banane,n,Bananen,,banana,موز
die,Erdbeere,n,Erdbeeren,,strawberry,توت فرنگی
die,Orange,n,Orangen,,orange,نارنجی
das,Gemüse,,,,vegetables,سبزیجات
die,Erbse,n,Erbsen,,pea,نخود فرنگی
die,Gurke,n,Gurken,,cucumber,خیار
die,Karotte,n,Karotten,,carrot,هویج
der,Salat,e,Salate,,lettuce,کاهو
die,Tomate,n,Tomaten,,tomato,گوجه فرنگی
die,Zwiebel,n,Zwiebeln,,onion,پیاز
die,Beilage,,,,side dish,مخلفات
die,Kartoffel,n,Kartoffeln,,potato,سیب زمینی
die,Nudel,n,Nudeln,,noodle,رشته فرنگی
der,Reis,,,,rice,برنج
die,Milchprodukte,,,,dairy products,محصولات لبنی
die,Butter,,,,butter,کره
der,Käse,-,,,cheese,پنیر
der,Emmentaler Käse,-,,,emmental cheese,نوعی پنیر سوییسی با حفره های زیاد
der,Joghurt,s,Joghurts,,yogurt,ماست
die,Milch,,,,milk,شیر
die,Sahne,,,,cream,کرم
die,Backwaren,,,,baked goods,کالاهای پخته شده
das,Brot,e,Brote,,bread,نان
das,Brötchen,-,,,bread rolls,نان رول
der,Kuchen,-,,,cake,کیک
die,Fleischwaren,,,,meat products,محصولات گوشتی
das,Fleisch,,,,meat,گوشت
das,Steak,s,Steaks,,steak,استیک
die,Wurst,Würste,,,sausage,سوسیس
der,Fisch,,,,fish,ماهی
der,Lachs,,,,salmon,ماهی سالمون
der,Thunfisch,,,,tuna,ماهی تن
das,Gewürz,e,Gewürze,,spice,ادویه
das,Salz,,,,salt,نمک
der,Pfeffer,,,,pepper,فلفل
der,Zucker,,,,sugar,شکر
die,Süßwaren,,,,confectionery,محصولات قنادی
das,Eis,,,,ice,یخ
der,Keks,e,Kekse,,biscuit,بیسکویت
die,Praline,n,Pralinen,,praline,شکلات دانه ای
die,Schokolade,n,Schokoladen,,chocolate,شکلات
,sonstig,,,,other,دیگر
die,Chips,,,,chips,چیپس
das,Ei,er,Eier,,egg,تخم مرغ
die,Marmelade,n,Marmeladen,,jam,مربا
das,Mehl,,,,flour,آرد
die,Pizza,s,Pizzas,,pizza,پیتزا
der,Senf,,,,mustard,خردل
das,Getränk,,,,beverage,نوشیدنی
der,Kaffee,,,,coffee,قهوه
der,Saft,Säfte,,,juice,آبمیوه
das,Wasser,,,,water,آب
der,Wein,e,Weine,,wine,شراب
,kaufen,,,v,shopping,خرید کردن
,einkaufen,,,v,do shopping,خرید کردن
der,Einkauf,Einkäufe,,,shopping,خرید
der,Einkaufszettel,-,,,shopping list,لیست خرید
der,Kunde,n,Kunden,,customer,مشتری
die,Kundin,nen,Kundinnen,,customer,مشتری
der,Verkäufer,-,,,salesperson,فروشنده
die,Verkäuferin,nen,Verkäuferinnen,,saleswoman,فروشنده
der,Supermarkt,Supermärkte,,,supermarket,سوپرمارکت
die,Konserve,n,Konserven,,can,کنسرو
die,Tiefkühlkost,,,,frozen food,غذای منجمد
die,Theke,n,Theken,,counter,پیشخوان
das,Angebot,e,Angebote,,offer,پیشنهاد
die,Durchsage,n,Durchsagen,,announcement,اطلاعیه
der,Preis,e,Preise,,price,قیمت
der,Prospekt,e,Prospekte,,brochure,دفتر‌چه راهنما
die,Verpackung,,,,packaging,بسته بندی
das,Gewicht,,,,weight,وزن
der,Becher,-,,,mug,لیوان
das,Bund,e,Bunde,,federal,فدرال
die,Dose,n,Dosen,,tin,قوطی
die,Flasche,n,Flaschen,,bottle,بطری
das,Glas,Gläser,,,glass,شیشه
der,Kasten,Kästen,,,crate,جعبه
das,Netz,e,Netze,,net bag,کیسه توری
die,Packung,en,Packungen,,pack,بسته
das,Päckchen,-,,,parcel,بسته كوچك
der,Sack,säcke,,,bag,کیسه
die,Schachtel,n,Schachteln,,box,جعبه
das,Stück,e,Stücke,,piece,قطعه
die,Tafel,n,Tafeln,,bar,قالب تخته ای
die,Tube,n,Tuben,,tube,لوله
die,Tüte,n,Tüten,,bag,کیف
das,Gramm,,,,grams,گرم
das,Kilogramm,,,,kilogram,کیلوگرم
das,Kilo,,,,kilo,کیلو
das,Pfund,,,,pound,پوند
der,Liter,,,,liter,لیتر
die,Familie,,,,family,خانواده
der,Verwandte,n,Verwandten,,relative,خویشاوند
die,Eltern,,,,parents,والدین
der,Vater,Väter,,,father,پدر
die,Mutter,Mütter,,,mother,مادر
die,Großeltern,,,,grandparents,پدربزرگ و مادربزرگ
der,Großvater,Großväter,,,grandfather,پدربزرگ
die,Großmutter,Großmütter,,,grandmother,مادربزرگ
der,Opa,s,Opas,,grandpa,پدربزرگ
die,Oma,s,Omas,,granny,مادربزرگ
das,Kind,er,Kinder,,child,کودک
das,Baby,s,Babys,,baby,نوزاد
der,Junge,n,Jungen,,boy,پسر
das,Mädchen,-,,,girl,دختر
der,Sohn,Söhne,,,son,پسر
die,Tochter,Töchter,,,daughter,دختر
der,Enkel,-,,,grandson,نوه
die,Enkelin,nen,Enkelinnen,,granddaughter,نوه دختر
das,Enkelkind,er,Enkelkinder,,grandchild,نوه
die,Geschwister,,,,siblings,خواهر و برادر
der,Bruder,Brüder,,,brother,برادر
die,Schwester,n,Schwestern,,sister,خواهر
der,Onkel,-,,,uncle,عمو
die,Tante,n,Tanten,,aunt,عمه
der,Neffe,n,Neffen,,nephew,برادرزاده
die,Nichte,n,Nichten,,niece,خواهرزاده
der,Cousin,s,Cousins,,cousin,پسرعمو
die,Cousine,n,Cousinen,,cousin,پسرعمو
der,Schwager,Schwäger,,,brother-in-law,برادر شوهر
die,Schwägerin,nen,Schwägerinnen,,sister-in-law,خواهر شوهر
der,Schwiegervater,Schwiegerväter,,,father-in-law,پدر شوهر
die,Schwiegermutter,Schwiegermütter,,,mother-in-law,مادر شوهر
der,Mann,Männer,,,man,مرد
die,Frau,en,Frauen,,woman,زن
der,Beruf,e,Berufe,,profession,حرفه
der,Altenpfleger,-,,,geriatric nurse,پرستار سالمند
die,Altenpflegerin,nen,Altenpflegerinnen,,geriatric nurse,پرستار سالمند
der,Architekt,en,Architekten,,architect,معمار
die,Architektin,nen,Architektinnen,,architect,معمار
der,Arzt,Ärzte,,,doctor,پزشک
die,Ärztin,nen,Ärztinnen,,woman doctor,پزشک زن
der,Bürokaufmann,Bürokaufmänner,,,office clerk,کارمند اداری
die,Bürokauffrau,en,Bürokauffrauen,,office clerk,کارمند اداری
der,Informatiker,-,,,computer scientist,دانشمند کامپیوتر
die,Informatikerin,nen,Informatikerinnen,,computer scientist,دانشمند کامپیوتر
der,Journalist,en,Journalisten,,journalist,روزنامه‌نگار
die,Journalistin,nen,Journalistinnen,,journalist,روزنامه‌نگار
der,Lehrer,-,,,teacher,معلم
die,Lehrerin,nen,Lehrerinnen,,teacher,معلم
der,Putzmann,Putzmänner,,,cleaner,پاک کننده
die,Putzfrau,en,Putzfrauen,,cleaning lady,نظافتچی خانم
der,Verkäufer,-,,,salesperson,فروشنده
die,Verkäuferin,nen,Verkäuferinnen,,saleswoman,فروشنده
der,Werbefachmann,Werbefachmänner,,,advertising professional,متخصص تبلیغات
die,Werbefachfrau,en,Werbefachfrauen,,advertising professional,متخصص تبلیغات
den,Haushalt machen,,,,doing housework,انجام کارهای خانه
,kochen,,,,cook,آشپز
,backen,,,,bake,پخت
das,Frühstück machen,,,,make breakfast,صبحانه درست کردن
den,Tisch decken,,,,set the table,میز غذاخوری را چیدن
,aufstehen,,,,stand up,ایستادن
,wecken,,,,wake up,بیدار شدن
die,Kinder betreuen,,,,childcare,مراقبت کردن از بچه ها
,frei haben,,,,To be off,وقت آزاد داشتن
,nomen,,,,noun,اسم
das,Au-pair,s,Au-pairs,,au pair,جفت AU
die,Grafik,en,Grafiken,,graphic,گرافیک
die,Zeichnung,,,,drawing,نقاشی
das,Prozent,,,,percent,درصد
das,Problem,e,Probleme,,problem,مشکل
die,Schule,n,Schulen,,school,مدرسه
,essen,,,v,eat,خوردن
,trinken,,,v,drink,نوشیدن
,besprechen,,,v,discuss,گفت‌وگو کردن
,erzählen,,,v,tell,گفتن
,kosten,,,v,cost,هزینه
,tun,,,v,do,انجام دادن
,vergleichen,,,v,compare,مقایسه كردن
,alt,,,adj,old,قدیمی
,schnell,,,adj,fast,سریع
,günstig,,,adj,cheap,ارزان
,anders,,,adv,different,متفاوت
,oft,,,adv,often,اغلب
,immer,,,adv,always,همیشه
,fast,,,adv,almost,تقریباً
,möglich,,,adv,possible,ممکن
,nicht mehr,,,adv,no longer,دیگر نه
,nebenan,,,adv,next door,همسایگی
,gegenüber,,,adv,opposite,مقابل
,alles,,,,everything,همه چیز
das,Wenig,,,,few,تعداد کمی
,Wie viel,,,,how much,چقدر؟
,Wie viele,,,,how many,چند تا؟
,Geht das?,,,,is that possible?,آیا چنین چیزی ممکن است؟
,Alles klar,,,,understood,فهمیده شد
,ich muss schluss machen,,,,i have to stop.,باید بس کنم.
,im Haus,,,,in the house,در خانه
,zu Hause,,,,at home,در خانه
,,,,,,
die,Sportart,en,Sportarten,,sport,ورزش
,joggen,,,v,jog,دویدن آهسته
das,Jogging,,,,jogging,دویدن آهسته
,laufen,,,v,run,دویدن
das,Rad,Räder,,,wheel,چرخ
das,Fahrrad,Fahrräder,,,bicycle,دوچرخه
das,Mountainbike,s,Mountainbikes,,mountain bike,دوچرخه کوهستان
das,Radfahren,,,,ride a bike,دوچرخه سواری کردن
die,Gymnastik,,,,gymnastics,نرمش
die,Rückengymnastik,,,,back exercises,تمرینات کمر
,Gymnastik machen,,,,do gymnastics,نرمش کردن
,rudern,,,v,rowing,پارو زدن
,reiten,,,v,ride,اسب سواری كردن
,schwimmen,,,v,to swim,شنا كردن
,Badminton,,,,badminton,بدمینتون
der,Fußball,,,,football,فوتبال
der,Handball,,,,handball,هندبال
das,Tennis,,,,tennis,تنیس
das,Tischtennis,,,,table tennis,تنیس روی میز
,turnen,,,v,do gymnastics,نرمش کردن
das,Turnen,,,,gymnastics,نرمش
das,Hobby,s,Hobbys,,hobby,سرگرمی
das,Theater,,,,theater,تئاتر
das,Kino,,,,cinema,سینما
die,Oper,,,,opera,اپرا
das,Fernsehen,,,,tv,تلویزیون
,Fernsehen schauen,,,,watch tv,تلویزیون تماشا کردن
die,Musik,,,,music,موسیقی
,Musik hören,,,,listen to music,به موسیقی گوش دهید
die,Gitarre,,,,guitar,گیتار
,Gitarre spielen,,,,play guitar,گیتار زدن
das,Klavier,,,,piano,پیانو
,Klavier spielen,,,,play the piano,پیانو بنواز
,tanzen,,,v,dance,رقص
der,Salsa,s,Salsas,,salsa,سالسا
,zeichnen,,,v,draw,نقاشی كردن
die,Tour,en,Touren,,tour,سفر تفریحی
,Tour machen,,,,take a tour,سفر تفریحی انجام دادن
der,Sport,,,,sport,ورزش
der,Mannschaftssport,,,,team sport,ورزش تیمی
der,Individualsport,,,,individual sport,ورزش انفرادی
,treiben,,,v,to drive,واداشتن
das,Treiben,,,,driveing,واداشتن
,Sport treiben,,,,to do sports,ورزش کردن
,fit sein,,,,be fit,تناسب اندام داشتن
der,Verein,e,Vereine,,association,انجمن
,Sportverein,,,,sports club,باشگاه ورزشی
das,Fitness-Studio,s,Fitness-Studios,,gym,باشگاه ورزشی
die,Halle,n,Hallen,,hall,سالن
die,Sporthalle,,,,sports hall,سالن ورزشی
die,Mannschaft,en,Mannschaften,,team,تیم
das,Spiel,e,Spiele,,game,بازی
der,Spieler,-,,,player,بازیکن
die,Spielerin,nen,Spielerinnen,,player,بازیکن
,spielen,,,v,play,بازی کردن
,mitspielen,,,v,play a part,نقش بازی کردن
der,Profi,s,Profis,,professional,حرفه ای
der,Fan,s,Fans,,fan,فن
das,Training,s,Trainings,,training,آموزش
das,Probetraining,,,,trial training,آموزش آزمایشی
das,Fitnesstraining,,,,fitness training,آموزش تناسب اندام
,trainieren,,,v,train,تمرین کردن
der,Muskelkater,,,,sore muscles,عضلات دردناک
der,Triathlon,s,Triathlons,,triathlon,تریاتلون
der,Triathlet,en,Triathleten,,#VALUE!,ورزشکار سه‌گانه
die,Triathletin,nen,Triathletinnen,,triathlete,ورزشکار سه‌گانه
der,Marathon,s,Marathons,,marathon,ماراتن
der,Start,s,Starts,,start,شروع
,starten,,,v,start,شروع کردن
das,Startgeld,er,Startgelder,,entry fee,هزینه ورود
das,Ziel,e,Ziele,,goal,هدف
der,Sieg,e,Siege,,victory,پیروزی
der,Sieger,-,,,winner,برنده
die,Siegerin,nen,Siegerinnen,,winner,برنده
die,Strecke,n,Strecken,,route,مسیر
der,Rekord,e,Rekorde,,record,ثبت
der,Platz,,,,place,مکان
die,Abkürzung,en,Abkürzungen,,abbreviation,مخفف
die,Anzeige,n,Anzeigen,,advertisement,تبلیغات
das,Buch,Bücher,,,book,کتاب
der,Flyer,-,,,flyer,برگه‌ی آگهی
die,Überschrift,en,Überschriften,,headline,تیتر خبر
die,Zeitung,en,Zeitungen,,newspaper,روزنامه
der,Zeitungartikel,-,,,newspaper article,مقاله روزنامه
das,Kind,er,Kinder,,child,کودک
der,Jugendliche,n,Jugendlichen,,youth,جوانان
der,Erwachsene,n,Erwachsenen,,adult,بزرگسال
der,Rentner,-,,,pensioner,مستمری بگیر
die,Rentnerin,nen,Rentnerinnen,,pensioner,مستمری بگیر
das,Publikum,,,,audience,بینندگان و شنوندگان
der,Applaus,,,,applause,تشویق
der,Anmeldung,en,Anmeldungen,,registration,ثبت نام
der,Beitrag,Beiträge,,,contribution,مشارکت
der,Jahresbeitrag,,,,annual fee,مشارکت سالانه
der,Mitgliedsbeitrag,,,,membership fee,هزینه عضویت
die,Ermäßigung,en,Ermäßigungen,,discount,تخفیف
das,Gefühl,e,Gefühle,,feeling,احساس
,fühlen,,,v,feel,احساس کردن
das,Interesse,n,Interessen,,interest,علاقه
der,Kilometer,-,,,kilometers,کیلومتر
der,Kontakt,e,Kontakte,,contact,تماس گرفتن
die,Minute,n,Minuten,,minute,دقیقه
die,Sekunde,n,Sekunden,,second,دوم
der,Organisator,en,Organisatoren,,organizer,سازمان دهنده
die,Sache,n,Sachen,,thing,چیز
der,Schuh,e,Schuhe,,shoe,کفش
der,Schüler,-,,,student,دانش آموز
die,Schülerin,nen,Schülerinnen,,student,دانش آموز
das,Sofa,s,Sofas,,sofa,مبل راحتی
,bekommen,,,v,receive,دریافت كردن
,bezahlen,,,v,pay,پرداخت كردن
,erlauben,,,v,allow,اجازه دادن
,fahren,,,v,drive,رانندگی کردن
,feiern,,,v,celebrate,جشن گرفتن
,klappen,,,v,succeed,موفق شدن
,klingen,,,v,sound,به صدا درآمدن
,mitkommen,,,v,come with me,به همراه آمدن
,motivieren,,,v,motivate,انگیزه دادن
,organisieren,,,v,organize,سازماندهی كردن
,passieren,,,v,happen,اتفاق افتادن
,putzen,,,v,cleaning,تمیز کردن
,schaffen,,,v,create,ایجاد کردن
,schlafen,,,v,sleep,خوابیدن
,schauen,,,v,look,نگاه كردن
,sehen,,,v,see,دیدن
,stürzen,,,v,fall,افتادن
,suchen,,,v,seek,جستجو كردن
,treffen,,,v,meet,دیدار كردن
,wissen,,,v,knowledge,دانستن
,wünschen,,,v,wish,آرزو كردن
,begeistert,,,adj,enthusiastic,مشتاق
,blöd,,,adj,stupid,احمق
,fit,,,adj,fit,مناسب
,glücklich,,,adj,happy,خوشحال
,zufrieden,,,adj,satisfied,راضی
,unzufrieden,,,adj,unsatisfied,ناراضی
,intensive,,,adj,intensive,فشرده
,optimal,,,adj,optimal,بهینه
,wunderbar,,,adj,wonderful,فوق العاده
,monatlich,,,adj,monthly,ماهانه
,jährlich,,,adj,yearly,سالانه
,gleich,,,adj,same,یکسان
,lang,,,adj,long,طولانی
,offen,,,v,open,باز
,regelmäßig,,,adj,regularly,به طور منظم
,positiv,,,adj,positive,مثبت
,negativ,,,adj,negative,منفی
,allein,,,adj,alone,به تنهایی
,allein,,,adv,alone,به تنهایی
,gern,,,adv,gladly,با کمال میل
,lieber,,,adj,dear,عزیز
,ganz,,,adj,quite,کاملاً
,jetzt,,,adv,now,الان
,so,,,adv,so,بنابراین
,wieder,,,adv,again,دوباره
,andere,,,pron,other,دیگر
,man,,,pron,man,مرد
,ab,,,prep,from,از
,beim,,,prep,at,در
,nach,,,prep,after,بعد از
,per,,,prep,by,توسط
,warum,,,adv,why,چرا
,,,,,,
das,Haus,Häuser,,,house,خانه
der,Hausmeister,-,,,building supervisor,ناظر ساختمان
der,Stock,,,,floor,طبقه ساختمان
die,Wohnung,en,Wohnungen,,apartment,آپارتمان
das,Apartment,s,Apartments,,apartment,آپارتمان
die,Gemeinschaft,en,Gemeinschaften,,community,جامعه
die,Wohngemeinschaft,,,,shared apartment,آپارتمان مشترک
der,Bewohner,-,,,resident,شهروند
die,Bewohnerin,nen,Bewohnerinnen,,resident,شهروند
der,Mitbewohner,,,,roommate,هم اتاقی
die,Mitbewohnerin,,,,roommate,هم اتاقی
die,Miete,n,Mieten,,rent,اجاره
der,Mieter,-,,,tenant,مستأجر
die,Mieterin,nen,Mieterinnen,,tenant,اجاره کننده
der,Vermieter,-,,,landlord,صاحبخانه
die,Vermieterin,nen,Vermieterinnen,,landlady,صاحبخانه
,mieten,,,v,rent,اجاره کردن
der,Mietvertrag,Mietverträge,,,rental agreement,قرارداد اجاره
der,Interessent,en,Interessenten,,interested party,طرف ذینفع
die,Interessentin,nen,Interessentinnen,,interested party,طرف ذینفع
der,Eingang,Eingänge,,,entrance,ورودی
der,Flur,e,Flure,,hallway,راهرو
das,Zimmer,-,,,room,اتاق
die,Küche,n,Küchen,,kitchen,آشپزخانه
das,Bad,Bäder,,,bath,حمام
die,Badewanne,n,Badewannen,,bathtub,وان حمام
die,Dusche,n,Duschen,,shower,دوش
die,Toilette,n,Toiletten,,toilet,توالت
der,Balkon,s,Balkons,,balcony,بالکن
das,Fenster,-,,,window,پنجره
der,Quadratmeter,-,,,square meters,متر مربع
der,Makler,-,,,realtor,دلال معاملات ملکی
die,Maklerin,nen,Maklerinnen,,real estate agent,مشاور املاک
die,Altstadt,,,,historic district,منطقه تاریخی
,einziehen,,,v,move in,نقل مکان کردن به خانه جدید
,ausziehen,,,v,move out,نقل مکان کردن از خانه کنونی
,einrichten,,,v,furnish,مبله کردن
die,Größe,n,Größen,,size,اندازه
das,Möbel,-,,,furniture,مبلمان
das,Bett,en,Betten,,bed,تخت
die,Matratze,n,Matratzen,,mattress,تشک
die,Kommode,n,Kommoden,,dresser,کمد کشویی
die,Lampe,n,Lampen,,lamp,لامپ
das,Regal,e,Regale,,shelf,قفسه
der,Schrank,Schränke,,,wardrobe,کمد لباس
der,Kleiderschrank,,,,wardrobe,کمد لباس
der,Sessel,-,,,armchair,صندلی راحتی
der,Stuhl,Stühle,,,chair,صندلی
der,Tisch,e,Tische,,table,میز
der,Küchentisch,,,,kitchen table,میز آشپزخانه
der,Schreibtisch,,,,desk,میز
das,Holz,Hölzer,,,wood,چوب
das,Glas,,,,glass,شیشه
der,Kunststoff,e,Kunststoffe,,plastic,پلاستیک
das,Metall,e,Metalle,,metal,فلز
die,Erkältung,en,Erkältungen,,cold,سرماخوردگی
das,Internet,,,,internet,اینترنت
die,Leute,,,,people,مردم
die,Nachricht,en,Nachrichten,,news,اخبار
die,Rolle,n,Rollen,,role,غلتک
der,Stau,s,Staus,,traffic jam,راهبندان
das,Thema,Themen,,,theme,تم
die,Überraschung,en,Überraschungen,,surprise,غافلگیری
,abholen,,,v,pick up,رفتن و آوردن
,aufmachen,,,v,open up,باز کردن
,ausgehen,,,v,go out,بیرون رفتن
,ausschneiden,,,v,cut out,برش دادن
,Heizung,,,,heating,گرمایش
,anrufen,,,v,call,تلفن كردن
,zurückrufen,,,v,call back,بعداً تلفن كردن
,anschauen,,,v,look at,نگاه کردن
,nachschauen,,,v,to check up,با نگاه تعقیب کردن
,aussehen,,,v,look,به نظر آمدن
,benutzen,,,v,use,استفاده كردن
,beschreiben,,,v,describe,توصیف كردن
,bleiben,,,v,remain,ماندن
,dauern,,,,last,طول كشیدن
,denken,,,,think,فكر كردن
,duschen,,,v,shower,دوش
,erreichen,,,v,to reach,دست یافتن
,glauben,,,v,believe,باور داشتن
,informieren,,,v,inform,اطلاع دادن
,mitbringen,,,v,bring along,همراه آوردن
,mitfahren,,,v,ride along,همراه آمدن (با ماشین)
,wegfahren,,,v,drive away,حرکت کردن
,weiterfahren,,,v,continue,به راندن ادامه دادن
,reden,,,v,talk,صحبت كردن
,regnen,,,v,rain,باران باریدن
,reparieren,,,v,repair,تعمیر كردن
,sitzen,,,v,sit,نشستن
,stehen,,,v,stand,ایستاده
,suchen,,,v,seek,جستجو كردن
,verbringen,,,v,spend,سپری كردن
,vergessen,,,v,forget,فراموش کردن
,verwenden,,,v,use,استفاده كردن
,wechseln,,,v,change,تبدیل كردن
,zurückmailen,,,,reply,پاسخ ایمیل دادن
,billig,,,adj,cheap,ارزان
,preiswert,,,adj,inexpensive,کم‌هزینه
,teuer,,,adj,expensive,گران
,brauchen,,,v,need,نیاز داشتن
,neu,,,adj,new,جدید
,modern,,,adj,modern,امروزی
,klein,,,adj,small,کوچک
,groß,,,adj,large,بزرگ
,breit,,,adj,broad,گسترده
,schmal,,,adj,narrow,باریک
,hoch,,,adj,high,بالا
,niedrig,,,adj,low,کم
,einzeln,,,adj,individually,یک به یک
,frei,,,adj,free,رایگان
,gesund,,,adj,healthy,سالم
,krank,,,adj,sick,بیمار
,kalt,,,adj,cold,سرد
,leer,,,adj,empty,خالی
,richtig,,,adj,correct,درست
,schlimm,,,adj,terrible,ناخوشایند
,separat,,,adj,separately,جداگانه
,verzweifelt,,,adj,desperate,ناامید
,früh,,,adj,early,اوایل
,spät,,,adj,late,دیر
,bald,,,adv,soon,به زودی
,dann,,,adv,then,سپس
,endlich,,,adj,finally,بالاخره
,gestern,,,adv,yesterday,دیروز
,heute,,,adv,today,امروز
,morgen,,,adv,tomorrow,فردا
,gar nicht,,,,not at all,نه به هیچ وجه
,nicht,,,Partikel,not,نه
,da,,,,there,آنجا
,dort,,,adv,there,آنجا
,lange,,,adv,long,طولانی
,prima,,,adj,great,عالی
,sofort,,,adv,immediately,بلافاصله
,vielleicht,,,adv,perhaps,شاید
,ziemlich,,,adv,quite,کاملاً
,zu,,,prep,to,به
,andere,,,pron,other,دیگر
,anderer,,,pron,other,دیگر
,aus,,,prep,out of,خارج از
,bei,,,prep,at,در
,bis,,,prep,until,تا
,,,,,,
das,Kleidungsstück,e,Kleidungsstücke,,garment,جامه
das,Hose,n,Hosen,,trousers,شلوار
die,Jeans,,,,jeans,شلوار جین
der,Pullover,,,,sweater,ژاکت
das,Sweatshirt,s,Sweatshirts,,sweatshirt,سویشرت
das,T-shirt,s,T-shirts,,t-shirt,تی‌شرت
der,Mantel,Mäntel,,,coat,کت
die,Jacke,n,Jacken,,jacket,کاپشن
die,Weste,n,Westen,,vest,جلیقه
der,Anzug,Anzüge,,,men's suit,کت و شلوار مردانه
das,Hemd,en,Hemden,,shirt,پیراهن
die,Bluse,n,Blusen,,blouse,بلوز
das,Kleid,er,Kleider,,dress,لباس
der,Rock,Röcke,,,skirt,دامن
der,Badeanzug,Badeanzüge,,,swimsuit,لباس شنا
die,Badehose,n,Badehosen,,swimming trunks,مایو
das,Nachthemd,en,Nachthemden,,nightdress,لباس خواب
der,Schlafanzug,Schlafanzüge,,,pajamas,پیژامه
das,Unterhemd,en,Unterhemden,,undershirt,زیرپیراهنی
die,Unterhose,n,Unterhosen,,underwear,لباس زیر
die,Socke,n,Socken,,sock,جوراب
der,Strumpf,Strümpfe,,,stocking,جوراب زنانه ساقه بلند
die,Strumpfhose,n,Strumpfhosen,,pantie hose,جوراب شلواری
der,Gürtel,,,,belt,کمربند
die,Krawatte,n,Krawatten,,necktie,کراوات
der,Handschuh,e,Handschuhe,,glove,دستکش
der,Schal,s,Schals,,scarf,روسری
der,Hut,Hüte,,,hat,کلاه
die,Mütze,n,Mützen,,wool hat,کلاه بافتنی
die,Tasche,n,Taschen,,bag,کیف
,ein Paar,,,,a couple of,یک جفت از
,ein paar,,,,a few,چندتا
die,Farbe,n,Farben,,color,رنگ
,beige,,,,beige,بژ
,blau,,,,blue,آبی
,braun,,,,brown,قهوه‌ای
,gelb,,,,yellow,زرد
,grau,,,,gray,خاکستری
,grün,,,,green,سبز
,lila,,,,purple,بنفش
,orange,,,,orange,نارنجی
,rosa,,,,pink,صورتی
,rot,,,,red,قرمز
,schwarz,,,,black,سیاه
,türkis,,,,turquoise,فیروزه‌ای
,weiß,,,,white,سفید
,hell,,,,bright,روشن
,hellblau,,,,light blue,آبی روشن
,dunkel,,,,dark,تیره
,dunkelblau,,,,dark blue,آبی تیره
das,Material,,,,material,مواد
die,Baumwolle,,,,cotton,پنبه
das,Leder,,,,leather,چرم
,waschen,,,v,wash,شستشو
die,Wäsche,,,,laundry,لباسهای کثیف
die,Wäscherei,en,Wäschereien,,laundry,خشکشویی
der,Waschkorb,Wäschkorbe,,,laundry basket,سبد لباس‌های شسته شده
die,Maschine,n,Maschinen,,machine,دستگاه
die,Waschmaschine,,,,washing machine,ماشین لباسشویی
das,Programm,e,Programme,,program,برنامه
das,Waschprogramm,,,,washing program,برنامه شستشو
das,Waschpulver,-,,,washing powder,پودر لباسشویی
der,Waschsalon,s,Waschsalons,,laundromat,رختشویخانه
,waschen,,,v,wash,شستشو
der,Trockner,-,,,dryer,خشک کن
,trocknen,,,v,dry,خشک
die,Anleitung,en,Anleitungen,,instructions,دستورالعمل‌ها
der,Automat,en,Automaten,,vending machine,دستگاه فروش خودکار
der,Kassenautomat,,,,self-checkout machine,دستگاه خودپرداز
,anmachen,,,v,turn on,روشن کردن
,öffnen,,,v,open,باز
,schließen,,,v,close,بستن
,zumachen,,,v,close,بستن
,sortieren,,,v,sort,مرتب سازی
,umdrehen,,,v,turn around,برگرداندن
,füllen in,,,v,fill in,پر کردن
,wählen,,,v,choose,انتخاب کردن
,drücken,,,v,press,فشار دادن
,einlaufen,,,v,enter,دویدن
die,Angst,Ängste,,,fear,ترس
die,Anweisung,en,Anweisungen,,instruction,دستور
die,Aufforderung,en,Aufforderungen,,request,درخواست
der,Bekannte,n,Bekannten,,acquaintance,آشنایی
die,Beschreibung,en,Beschreibungen,,description,توضیحات
die,Bitte,n,Bitten,,please,لطفا
der,Copyshop,s,Copyshops,,copy shop,مغازه کپی
der,Espresso,s,Espressos,,espresso,اسپرسو
der,Tee,s,Tees,,tea,چای
die,Entschuldigung,en,Entschuldigungen,,excuse me,ببخشید!
das,Gedicht,e,Gedichte,,poem,شعر
der,Inhaber,-,,,owner,مالک
die,Inhaberin,nen,Inhaberinnen,,owner,مالک
der,Job,s,Jobs,,job,شغل
die,Kasse,n,Kassen,,cash desk,صندوق
die,Kantine,n,Kantinen,,canteen,غذاخوری
die,Kopie,n,Kopien,,copy,رونوشت
die,Liste,n,Listen,,list,فهرست
die,Lösung,en,Lösungen,,solution,راه حل
die,Neuigkeit,en,Neuigkeiten,,news,خبر جدید
die,Notiz,en,Notizen,,note,یادداشت
das,Paar,e,Paare,,couple,زوج
der,Platz,-,,,place,مکان
der,Schwächling,e,Schwächlinge,,weakling,کم بنیه
die,Situation,en,Situationen,,situation,وضعیت
der,Snack,s,Snacks,,snack,میان وعده
der,Traum,Träume,,,dream,رویا
die,Tür,en,Türen,,door,درب
die,Veranstaltung,en,Veranstaltungen,,event,رویداد
die,Vermutung,en,Vermutungen,,supposition,فرض
der,Vetter,-,,,cousin,پسرعمو
der,Vorschlag,Vorschläge,,,suggestion,پیشنهاد
die,Beschreibung,en,Beschreibungen,,description,توضیحات
die,Wegbeschreibung,,,,directions,مسیر
der,Wunsch,Wünsche,,,wish,آرزو
die,Zeile,n,Zeilen,,row,سطر
,anfangen,,,v,begin,شروع كردن
,anprobieren,,,v,try it on,امتحان كردن
,anstoßen,,,v,nudge,سقلمه زدن
,aufpassen,,,v,watch out,مواظب بودن
,ausführen,,,v,carry out,انجام دادن
,bedeuten,,,v,mean,معنی دادن
,bringen,,,v,bring,آوردن
,klicken,,,v,click,کلیک کردن
,eingeben,,,v,enter,واردکردن
,einladen,,,v,invite,دعوت كردن
,entschuldigen,,,v,excuse,بخشیدن
,erklären,,,v,explain,شرح دادن
,fernsehen,,,v,watch television,تلویزیون تماشا کردن
,festhalten,,,v,hold onto,نگه داشتن
,helfen,,,v,help,یاری كردن
,holen,,,v,fetch,آوردن
,kopieren,,,v,copy,رونوشت برداشتن
,lächeln,,,v,smile,لبخند زدن
,mailen,,,v,email,ایمیل زدن
,nachfragen,,,v,ask,پرس و جو کردن
,nehmen,,,v,take,گرفتن
,nennen,,,v,to name,نام بردن
,sagen,,,v,say,گفتن
,stoppen,,,v,stop,متوقف كردن
,surfen,,,v,surfing,موج سواری كردن
,träumen,,,v,dream,خواب دیدن
,vermuten,,,v,assume,حدس زدن
,versuchen,,,v,attempt,كوشش كردن
,warten,,,v,wait,صبر كردن
,fertig,,,adj,completed,کامل
,freundlich,,,adj,friendly,دوستانه
,herzlich,,,adj,heartfelt,صمیمانه
,höflich,,,adj,polite,مودب
,klasse,,,adj,terrific,عالی
,kulturell,,,adj,cultural,فرهنگی
,kurz,,,adj,short,کوتاه
,lang,,,adj,long,طولانی
,langsam,,,adj,slow,آهسته
,nass,,,adj,wet,مرطوب
,trocken,,,adj,dry,خشک
,passend,,,adj,appropriate,مناسب
,professionell,,,adj,professional,حرفه ای
,sauber,,,adj,clean,پاكیزه
,vorsichtig,,,adj,cautious,محتاط
,warm,,,adj,warm,گرم
,gleich,,,adv,same,همانند
,nie,,,adv,never,هرگز
,nun,,,adv,now,اکنون
,später,,,,later,بعداً
,wirklich,,,adv,really,واقعاً
,zuerst,,,adv,first,اول
,ja,,,par,yes,بله
,mal,,,adv,once,یکبار
,doch,,,Konj,"still,but","هنوز،اما"
,alles,for things,,,everything,همه چیز
,alle,for people,,,all,همه
,,,,,,
das,Verkehrsmittel,,,,means of transport,وسایل حمل و نقل
die,Bahn,en,Bahnen,,train,قطار
der,Bus,se,Busse,,bus,اتوبوس
das,Fahrrad,fahrräder,,,bicycle,دوچرخه
das,Velo,s,Velos,,bicycle,دوچرخه
die,StraßenBahn,en,StraßenBahnen,,tram,تراموا
die,Tram,s,Trams,,tram,تراموا
,zu fuß gehen,,,,to walk,راه رفتن
,abbiegen,,,v,turn,دور زدن
,halten,,,v,hold,در دست گرفتن
,aussteigen,,,v,exit,خروج
,umsteigen,,,,transfer,جابجا شدن بین وسایل نقلیه
der,Bahnhof,Bahnhöfe,,,railroad station,ایستگاه راه آهن
die,Fahrkarte,n,Fahrkarten,,ticket,بلیط
der,Automat,en,Automaten,,vending machine,دستگاه فروش خودکار
der,Fahrkartenautomat,,,,ticket machine,دستگاه بلیط فروشی
die,Tageskarte,n,Tageskarten,,day ticket,بلیط روزانه
der,Ort,e,Orte,,place,مکان
der,Standort,,,,location,موقعیت
die,Ecke,n,Ecken,,corner,گوشه
die,Touristeninformation,en,Touristeninformationen,,tourist information,اطلاعات گردشگری
die,Attraktion,en,Attraktionen,,attraction,جاذبه
die,Sehenswürdigkeit,en,Sehenswürdigkeiten,,tourist attraction,منظره
die,Führung,en,Führungen,,guide,راهنما
das,Gebäude,-,,,building,ساختمان
die,Glocke,n,Glocken,,bell,زنگ
das,Glockenspiel,e,Glockenspiele,,chime,کاریلون
die,kirche,n,kirchen,,church,کلیسا
die,Kuppel,n,Kuppeln,,dome,گنبد
das,Münster,-,,,cathedral,کلیسای جامع
das,Parlament,e,Parlamente,,parliament,مجلس
die,Regierung,en,Regierungen,,government,دولت
das,Tor,e,Tore,,gate,دروازه
der,Turm,Türme,,,tower,برج
,besichtigen,,,v,visit,بازدید كردن
der,Stadtplan,Stadtpläne,,,town map,نقشه شهر
die,Gasse,n,Gassen,,alley,کوچه
der,Weg,e,Wege,,away,دور
die,Kreuzung,en,Kreuzungen,,crossing,چهارراه
der,Platz,Plätze,,,place,مکان
,einzeichnen,,,v,draw,طراحی کردن
die,Wegbeschreibung,,,,direction,مسیر
,hier,,,adv,here,اینجا
,dort,,,adv,there,آنجا
,weiter,,,adv,further,بیشتر
,geradeaus,,,adv,straight ahead,مستقیم به جلو
,rechts,,,adv,right,درست
,links,,,adv,left,چپ
,bis zur kreuzung,,,,until the intersection,تا تقاطع
,über die kreuzung,,,,across the intersection,در آن سوی تقاطع
die,Malerei,,,,painting,نقاشی
die,Kunst,,,,art,هنر
das,Bild,er,Bilder,,picture,تصویر
der,Künstler,-,,,artist,هنرمند
die,Künstlerin,nen,Künstlerinnen,,artist,هنرمند
die,Kunstakademie,n,Kunstakademien,,academy of art,آکادمی هنر
die,Kunstschule,n,Kunstschulen,,art school,مدرسه هنری
der,Maler,-,,,painter,نقاش
die,Malerin,nen,Malerinnen,,painter,نقاش
der,Appetit,,,,appetite,اشتها
der,Bär,en,Bären,,bear,خرس
die,Biografie,n,Biografien,,biography,زندگینامه
die,Blume,n,Blumen,,flower,گل
der,Dank,,,,thanks to,با تشکر از
das,Ehepaar,e,Ehepaare,,couple,زوج
der,Eingang,Eingänge,,,entrance,ورودی
die,Einladung,en,Einladungen,,invitation,دعوتنامه
das,Einkaufszentrum,Einkaufszentren,,,shopping center,مرکز خرید
das,Ende,,,,end,پایان
der,Fehler,-,,,mistake,اشتباه
die,Gegenwart,,,,present,حال
die,Vergangenheit,,,,past,گذشته
die,Zukunft,,,,future,آینده
das,Geld,,,,money,پول
das,Geschenk,e,Geschenke,,gift,هدیه
die,Geschichte,n,Geschichten,,story,داستان
die,Party,s,Partys,,party,مهمانی
das,Haupt,,,,main,اصلی
die,Hauptsehenswürdigkeit,,,,main attraction,جاذبه اصلی
die,Ideologie,n,Ideologien,,ideology,ایدئولوژی
das,Kärtchen,-,,,little card,کارت کوچک
das,Leben,,,,life,زندگی
der,Moment,e,Momente,,moment,لحظه
der,Professor,en,Professoren,,professor,استاد
die,Professorin,nen,Professorinnen,,professor,استاد
die,Region,n,Regionn,,region,منطقه
die,Reihenfolge,n,Reihenfolgen,,sequence,"توالی، دنباله"
die,Reise,n,Reisen,,trip,سفر
der,Reiseführer,-,,,travel guide,راهنمای سفر
die,Sitte,n,Sitten,,custom,سفارشی
die,Steuer,n,Steuern,,tax,مالیات
die,Stimmung,en,Stimmungen,,mood,خلق و خو
der,Stress,e,Stresse,,stress,استرس
das,Symbol,e,Symbole,,symbol,نماد
das,Würstchen,-,,,sausage,سوسیس‌ها
,beenden,,,v,finish,پایان
,dabeihaben,,,v,have with you,چیزی همراه خود داشتن
,danken für,,,,thank you for,متشکرم از
,entlassen,,,v,dismiss,اخراج كردن
,erhalten,,,v,receive,دریافت کردن
,gehören,,,v,belong,متعلق بودن
,grillen,,,v,grilling,كباب كردن
,heiraten,,,v,marry,ازدواج کردن
,lachen,,,v,laugh,خندیدن
,leben,,,v,life,زندگی كردن
,reisen,,,v,travel,سفر كردن
,schmecken,,,v,taste,چشیدن
,sterben,,,v,die,مردن
,studieren,,,v,study,تحصیل كردن
,tippen,,,v,type,تایپ کردن
,eintippen,,,v,type,تایپ کردن
,unterrichten,,,v,teach,آموزش دادن
,zurückgehen,,,v,go back,برگشتن
,astronomisch,,,adj,astronomic,نجومی
,abstrakt,,,adj,abstract,انتزاعی
,aggressiv,,,adj,aggressive,تهاجمی
,berühmt,,,adj,famous,مشهور
,bunt,,,adj,colorful,رنگارنگ
,direkt,,,adj,direct,مستقیم
,einfach,,,adj,simply,به سادگی
,fröhlich,,,adj,cheerful,شاد
,lustig,,,adj,funny,خنده دار
,original,,,adj,original,اصلی
,peinlich,,,adj,awkward,خجالت‌آور
,traurig,,,adj,sad,غمگین
,verärgert,,,adj,annoyed,آزرده خاطر
,voll,,,adj,full,پر
,weit,,,adj,far,دور
,bestimmt,,,adv,certainly,قطعاً
,vorher,,,adv,previously,پیشتر
,alle,,,,all,همه
,etwas,,,pron,something,چیزی
,nichts,,,pron,nothing,هیچ چیز
,bei,,,prep,at,در
,für,,,prep,for,برای
,durch,,,prep,through,از طریق
,mit,,,prep,with,با
,um,,,prep,to,به
,von,,,prep,from,از
,zu,,,prep,to,به
,,,,,,
der,Auflauf,Aufläufe,,,casserole,قابلمه
die,Suppe,n,Suppen,,soup,سوپ
das,Huhn,Hühner,,,hen,مرغ
das,Hühnerfleisch,,,,chicken meat,گوشت مرغ
das,Lammfleisch,,,,lamb,بره
das,Schweinefleisch,,,,pork,گوشت خوک
der,Braten,-,,,roast,کباب شده
der,Tafelspitz,,,,boiled beef,گوشت گاو آب پز
das,Schnitzel,-,,,schnitzel,شینسل
die,Forelle,n,Forellen,,trout,ماهی قزل آلا
das,Filet,s,Filets,,filet,فیله
der,Erdapfel,Erdäpfel,,,potato,سیب زمینی
die,Rösterdäpfel,,,,roasted potato,سیب زمینی کباب شده
der,Kloß,Klöße,,,dumpling,کوفته
der,Knödel,-,,,dumpling,کوفته
der,Knoblauch,,,,garlic,سیر
das,Kraut,,,,herb,گیاه
der,Paradeiser,,,,tomatoes,گوجه فرنگی
das,Fladenbrot,e,Fladenbrote,,flatbread,نان مسطح
die,Semmel,n,Semmeln,,roll,نان ساندویچی
das,Öl,e,Öle,,oil,روغن
die,Nuss,Nüsse,,,nut,آجیل
die,Palatschinke,n,Palatschinken,,pancake,پنکیک
die,Sauce,n,Saucen,,sauce,سس
das,Schlagobers,,,,whipped cream,خامه زده شده
die,Torte,n,Torten,,tart,تارت
der,Topfenstrudel,-,,,curd strudel,استرودل پنیر
der,Quarkstrudel,-,,,curd strudel,استرودل پنیر
das,Vanilleeis,,,,vanilla ice cream,بستنی وانیلی
die,Zitrone,n,Zitronen,,lemon,لیمو
das,Bier,e,Biere,,beer,آبجو
die,Birne,n,Birnen,,pear,گلابی
der,Birnensaft,Birnensäft,,,pear juice,آب گلابی
das,Cola,s,Colas,,cola,نوشابه
,bitter,,,,bitter,تلخ
,salzsig,,,,salty,شور
,süß,,,,sweet,شیرین
,scharf,,,,sharp,تیز
,sauer,,,,sour,ترش
,fett,,,,fat,چربی
,vegetarisch,,,,vegetarian,گیاهخواری
das,Lokal,e,Lokale,,local,محلی
die,Speise,n,Speisen,,food,غذا
die,Vorspeise,,,,appetizer,پیش غذا
die,Hauptspeise,,,,main course,غذای اصلی
die,Nachspeise,,,,dessert,دسر
das,Hauptgericht,e,Hauptgerichte,,main course,غذای اصلی
das,Dessert,s,Desserts,,dessert,دسر
die,Speisekarte,n,Speisekarten,,menu,منو
der,Gast,Gäste,,,guest,مهمان
der,Kellner,-,,,waiter,پیشخدمت
die,Kellnerin,nen,Kellnerinnen,,waitress,پیشخدمت
die,Rechnung,en,Rechnungen,,invoice,فاکتور
das,Trinkgeld,er,Trinkgelder,,tip,نکته
,geschlossen,,,,closed,بسته
,geöffnet,,,,opened,باز
,reservieren,,,v,reserve,جا نگه داشتن
,auswählen,,,v,choose,انتخاب كردن
,bestellen,,,v,order,سفارش دادن
,genießen,,,v,enjoy,لذت بردن
,servieren,,,v,serve,پذیرایی كردن
die,Gabel,n,Gabeln,,fork,چنگال
der,Löffel,-,,,spoon,قاشق
das,Messer,-,,,knife,چاقو
der,Teller,-,,,plate,بشقاب
die,Tasse,n,Tassen,,cup,فنجان
das,Glas,Gläser,,,glass,شیشه
der,Topf,Töpfe,,,pot,قابلمه
die,Serviette,n,Servietten,,napkin,دستمال سفره
das,Gericht,e,Gerichte,,"dish,court","غذا،دادگاه"
das,Rezept,e,Rezepte,,recipe,دستور پخت
die,Zubereitung,en,Zubereitungen,,preparation,آماده سازی
die,Zutat,en,Zutaten,,ingredient,ماده تشکیل دهنده
die,Prise,n,Prisen,,prize,جایزه
,anbraten,,,v,fry,سرخ کردن
,pürieren,,,,purée,پوره
,schälen,,,v,peel,پوست کندن
,würfeln,,,v,roll the dice,تاس ریختن
,würzen,,,v,season,ادویه زدن
die,Ablehnung,en,Ablehnungen,,rejection,رد
die,Zustimmung,,,,approval,تصویب
das,Gegenteil,e,Gegenteile,,opposite,روبرو
die,Hilfe,n,Hilfen,,help,کمک
die,Idee,n,Ideen,,idea,ایده
der,Klingelton,Klingeltöne,,,ringtone,آهنگ زنگ
die,Kohlensäure,,,,carbonic acid,اسید کربنیک
der,Liebling,,,,darling,عزیزم
der,Mittag,e,Mittage,,midday,ظهر
die,Person,en,Personen,,person,شخص
die,Portion,en,Portionen,,portion,یک دست غذا
der,Punkt,e,Punkte,,point,امتیاز
das,Radio,s,Radios,,radio,رادیو
der,Rest,e,Reste,,rest,باقی مانده
die,Station,en,Stationen,,station,ایستگاه
die,Summe,n,Summen,,sum,جمع
,ablehnen,,,v,refuse,رد كردن
,eröffnen,,,v,open,باز کردن
,schließen,,,v,close,بستن
,gewinnen,,,v,win,برنده شدن
,lieben,,,v,love,دوست داشتن
,plaudern,,,v,chat,گپ زدن
,probieren,,,v,try,تلاش کردن
,ausprobieren,,,v,try out,امتحان کردن
,umstoßen,,,v,overturn,ضربه زدن
,verschicken,,,v,send,فرستادن
,wegwerfen,,,v,throw away,دور انداختن
,zahlen,,,v,pay,پرداخت كردن
,automatisch,,,adj,automatically,به طور خودکار
,getrennt,,,adj,separated,جداگانه
,zusammen,,,adv,together,با هم
,köstlich,,,adj,delicious,خوشمزه
,lecker,,,adj,yummy,خوشمزه
,laut,,,adj,loud,با صدای بلند
,leise,,,adj,quiet,ساکت
,natürlich,,,adv,of course,البته که
,natürlich,,,adj,naturally,به طور طبیعی
,voll,,,adj,full,پر
,gerne,,,adv,gladly,با کمال میل
,gern,,,adv,gladly,با کمال میل
,lieber,,,adj,dear,عزیز
,am liebsten,,,adj,best,بهترین
,ein bisschen,,,adj,a little bit,یه کم
,draußen,,,adv,outside,بیرون
,drinnen,,,adv,indoors,داخل خانه
,überall,,,adv,everywhere,همه جا
,ohne,,,prep,without,بدون
,mit,,,prep,with,با
,pro,,,prep,per,به ازای هر
,los,,,adv,starting,حرکت
,tut mir leid,,,,i'm sorry,متاسفم.
,vergleichen,,,,compare,مقایسه کردن
,Ende,,,,end,پایان
